title,source,pub_date,link
Google News - Technology - Latest,,,
Rockstar Games releases Grand Theft Auto VI extended look on Netflix chevron_right,,,./stories/CAAqNggKIjBDQklTSGpvSmMzUnZjbmt0TXpZd1NoRUtEd2pKbWFudkVSRlIwNi1YbmNkR29TZ0FQAQ?hl=en-US&gl=US&ceid=US%3Aen
"GTA 6's gameplay reveal broke a streaming record, and also broke Twitch and Netflix",,,./read/CBMilAFBVV95cUxPUllmNnFwdENkYXZ6SUQ2OTRJT01BWXdwSFdyb1I0Z1hoUm5nWTdSTUY0VmJvaS0xcWt6akdLam5QMjFzZGl1LS1Qc0cwcldLajFnTjVtQk5rUm9LT0RqVDZHQUhyUkhPZnFaX0FLQmhhREFodWU0WWJUVFoydFhwMXdNdEpGUVQxM283eHcxNVY1VjJN?hl=en-US&gl=US&ceid=US%3Aen
Grand Theft Auto VI Has a New Trailer and Grand Ambitions,,,./read/CBMimwFBVV95cUxOdTZuN1lRWXQzc0lNTEZleU1jMVlCUDd2WFlYYmc2Tl90Y19mR2xYWFRYaHg0TldlT3hqbGJ2cDA0UllmZXZxYjB1SW5UYUt1TGYzLTQ3dGZRdkVSLUc5ZWhsbkVWdTBLWWdBeVd6WDRhTS1DaFFmbEh5YTFOdWFuMkY3cExHRXpXQ2pzbzdlUTNiaGhabWJHUllNbw?hl=en-US&gl=US&ceid=US%3Aen
"GTA VI Will Finally Let You Role Play in Traffic, Blinkers and All",,,./read/CBMifEFVX3lxTE1pZ2hMdU5wTEJ3SGdydHp4Wi1qSHlJd0lkYm1sS1ROUUhkYWx1VU10RHJRNFl3UG9Obmk2Ny1vaGNSYnpLam5yNTJDYnVVX0k3WjNLeXlkOXJNVmVVRTBHX2R5Q2J3Z3hiV3A1RjBzSjhPYmY2a252enc2LUs?hl=en-US&gl=US&ceid=US%3Aen
The biggest video game of all time looks like a movie,,,./read/CBMipwFBVV95cUxQRS00Nng3UHBCY1V3cUExODg5dG80bURJUVlkWl96YzVVb3VCU0lYWmc4MlJORUprM2toSWUycGJIUDV0R2R0RjdYU1dEYUZPYlBhSEw0Y1VCalRlY1lqclUtUGUza25GLWdWXzhXeXcyamtydE80LUVDS1JCMWtKVF8tenFBcTRhTERMVE5sSlpOOE1wNDhDZmZzaXN3VUhnaXNDcHd0TQ?hl=en-US&gl=US&ceid=US%3Aen
Xbox disc to digital chevron_right,,,./stories/CAAqNggKIjBDQklTSGpvSmMzUnZjbmt0TXpZd1NoRUtEd2otejRQdEVSRmZiU2dGS0dGcV9TZ0FQAQ?hl=en-US&gl=US&ceid=US%3Aen
Xbox CEO calls Project Helix a ‘family of devices’,,,./read/CBMilAFBVV95cUxObU9kMFNteVpWVUdIbDFqUkpiQlQ0ampJcXdwOXltemZoZU9va3BtbVpydGNUaXJtV2N0WDFpNDItT09XTFJSODZnNUxyQjV2QUlBMFpNNDFwM3h2emI4bzAtUXFYanhicHJ0ODlJVkNTSS0wSnU1aDV1V1hpVVV0OEVqT1p2MWpySVUwY0FHb2VBTUs5?hl=en-US&gl=US&ceid=US%3Aen
Your Discs. Now Also Digital.,,,./read/CBMidkFVX3lxTFA2Y1BWNm80T0UwR3hZLUQwMFhra3daenZ0RzVtbjZOemVueF8xQ2FUUURVSHRXa1I4OTFVeGMzVTRFQm8wREtPSmZ1TXRnQUJtWWNNa2pObzAyY1lvZktDa0VIMjBMSktHa3JHSEZkZjF5Qy1jX1HSAXtBVV95cUxQWXUzakhfTlA3cDZITG9WRTFDLXdra2NPb01tbGp2M2pvVGpfWVNuQTR2V1A5eWtJMmF0ZElEbXdpNEsxc2JUSmltbkNNRlQ5Wl8wYlFfcUIyb2p6TGR6U2E0OHViMTc2a2tmN1ZKazQxU3dBaTNEV1NkeW8?hl=en-US&gl=US&ceid=US%3Aen
Xbox boss 'thinking about affordability' of next-gen console,,,./read/CBMiWkFVX3lxTFBtR3JMSWNhWTZiLWw1UjdZQVlzZHk4Vk9hVE1GSXhJVjNHWVpHRWpJWFl5NkYtRmVjQ3R2YWhlM0hFVEhoTGlMenpVbTl4MlUzbGM2MU5TZHdnQQ?hl=en-US&gl=US&ceid=US%3Aen
Xbox's disc-to-digital program goes live for Insiders on Monday — Here's how it works,,,./read/CBMiwgFBVV95cUxOUVhiZGxkX1k4VGJlVTdRNE1LWFlpUDJyNG0zZGI1a0ZUYXRFMFFuV2xmRnR0MDBzOUdhVzNuM0dndHJfc2o1MjBSczZsY2Y0aWVBd1FmWjNOSzRGMTZWNDBIMW5kRlVmY25teXJoNEdxWFV3OHJZSmVBZHJEQU8yRUg2VHdkdkl3MW5vZjZMSHdhbGc5bzJkTklUcmJISGdEWEdIRjZoVXFBeC1Kel9YR2hvNVZZU0RVdTJ3R1lkQlRSdw?hl=en-US&gl=US&ceid=US%3Aen
Google Pixel 11 review chevron_right,,,./stories/CAAqNggKIjBDQklTSGpvSmMzUnZjbmt0TXpZd1NoRUtEd2lyb2JMeUVSRmp5R25CZlhYTy1pZ0FQAQ?hl=en-US&gl=US&ceid=US%3Aen
You can officially buy the Pixel 11 phones and Pixel Watch 5.,,,./read/CBMilgFBVV95cUxOOFhjcnBmNHhXR2RzdnBvVVA5V2NCLUJfZFBlZ0c1MWI4dnBaUGFsZHc5dXg4VWtXV3FnWGpRZTN1RnVmOUI5bnlLVDdrOWZpdGhPT0h0UVU4QVBFNjBBU0pnR0g1Z3ZDYWE2SGxKR0dnSzNmME5MTUJTR3YyNjhKZm9qaGxNYzd6OTE3UFdCUHBFX3Fwb1E?hl=en-US&gl=US&ceid=US%3Aen
Google Pixel 11 in for review - GSMArena.com news,,,./read/CBMieEFVX3lxTFBRWlBIZUtBeE9VXzZTQmhoNHNvM2VJbWhlZ1dmeXlOWmlOMmFqOWNyN3FieFBybHd1d0JZUWcwR2RIaDlBTHZ6MjVGSW42YUVLMHVPWFdDRjhiU09PY24wMURPeFQxeFA2TW1ESmNsdjZGX2xUa0NXU9IBdEFVX3lxTE1tSjltdGN0Z1dGTW45Q0RONFhZYUZuVF90OEwwSkpDSFB6a0xaN3lBZmpYV01UZURNNlNUcTAxRmhtMWpWQ1RRY3pXYllVWmUyUEZHZEJyY08xRHNGcGFOSUNMYzUtX1FDNEV3QWllSV96VEhD?hl=en-US&gl=US&ceid=US%3Aen
"Pixel 11 Pro XL Beats iPhone 17 Pro Video, But Not Out Of The Box",,,./read/CBMingFBVV95cUxNUktiMEZxWWo5YWxMbTYzRUNEYm5BbGtpeUxjYndGZWRtNUE1WE5udy0xTHl5WnpiWWNCeTBvOURTM0tnSURBMENxaXVSVWpoMFhJRDlrd01kUjNvcHR4d1RxdUhudS10bWxiZXI1MnVlZHA4aWI2b3V4TmpvN0lnT0xRQ2dpZHpLcnhLajVsWENmS0NQRmxpeHdqX3lNQQ?hl=en-US&gl=US&ceid=US%3Aen
Samsung Galaxy Z Fold 8 review chevron_right,,,./stories/CAAqNggKIjBDQklTSGpvSmMzUnZjbmt0TXpZd1NoRUtEd2k0aC1QdkVSR1M2NlhvZktjYW95Z0FQAQ?hl=en-US&gl=US&ceid=US%3Aen
The Galaxy Z Flip 8 is at its best when there’s friction,,,./read/CBMidkFVX3lxTE1HeE01bmM2cGN2eDgxaVh6WGZOdnlXMVlrZmRfaUVoVzljZWlpVjhRRFVudElJamMwVEFKMUZ1SWEtamc1NzQ2a2VNWUN6ZEg5UmlHZ0JxRzVzTGpScEItb3BUSmZ3TDJkcFJJVDNWVkpjTl92bGc?hl=en-US&gl=US&ceid=US%3Aen
Galaxy Z Fold 8 Camera Setup Shows How Samsung Reworked the Fold,,,./read/CBMic0FVX3lxTE1lTi1XdnpNTjJFTWR5ejA5Y3YyMnhYcU1iTkRVby16Q29BYXVOd0NWMDlwcTlBc3h1TnRJci1VNGpxRzFvNlFPVUxmRjRDb0h2bWJpVWZNc0dVYzlOSWdIRnJ6S0NxSVVvRjBqa294Tlo0NGc?hl=en-US&gl=US&ceid=US%3Aen
Samsung’s surprise folding hit sets the stage for Apple,,,./read/CBMilgFBVV95cUxOWEt3RF9tVEtCdUhoTXlWZ2VCdHU0Ym9pUVdRaVltTHR1R0pxMlJleUVONjI5MExFVzFGWjNSSzV1UmFnM0dKMEF5U3RpQ1ZtaklVUG1pWGNTZGdCMlZPNnFSLVUzUXpsMGFUVW9zWDJKYzJLcmNmQTk5empwQWZlZGdBQ0RUeUsxcWcyUjltU3lzOXdxU0E?hl=en-US&gl=US&ceid=US%3Aen
Apple launches new 2nm M6 chip for Mac mini chevron_right,,,./stories/CAAqNggKIjBDQklTSGpvSmMzUnZjbmt0TXpZd1NoRUtEd2k2bTRqdkVSRVJSak9DLUh2UUVpZ0FQAQ?hl=en-US&gl=US&ceid=US%3Aen
Apple's M6 Mac mini is already on sale with these preorder discounts,,,./read/CBMipgFBVV95cUxNbF81ZkgzME5oTlpHTzIxdWREREx6UEYtVC1hNXNyTUI4X0V2VEMxcnAyNEdySWtQTG1oMGFIZzhYMy1KNUV2REZabG1DVlFfNElwY2tuTVZTQ0F3ZTViejgwRjlGWWJIODI5RFhYbktVTjBJRkpodGhhQW5oQm5CVTJjOEU4UkgwUFhKcWhwNDdVNjlYSTk0V09IZ3FQeEFIT01BNUNR?hl=en-US&gl=US&ceid=US%3Aen
Apple introduces M6 and M5 Ultra for a big leap in performance and AI compute,,,./read/CBMiuAFBVV95cUxNaFNZWnlDMmx2VlBtaFlBWTAyS1g1cWk2SF8wM2phRU95eWpJT2hoM1RtMGVDOUJmNmI0N1RNQzBnblhQVjdFcHl4RVZNVzg1YVZEbTMycVpxdkpTcmNGODIzcmxxRzRnOEJ5Qkg0OG1QVDZaYy1sdUoxLTJJbWUzbEZFcmhzMVlQUXB4OEJBWGhrY2d5aWhXYzNaOElRdlZzdktUdGc1ZTJvcGRUWVc0X2RJTk5GUi1x?hl=en-US&gl=US&ceid=US%3Aen
"Apple Skips M6 Pro to Rush AI-First M7, Baltra Chip [2026]",,,./read/CBMib0FVX3lxTFBReUM0RlBaSU5yQkNMZVVEN1I3STRlYWJVOG1ZU0NMTl8wZ2NMYWVhMmIta2lPc0k5UGVSTk9DcTVGQi1LYkM4cHZ5MThobWhaSnpqZl9hVjlmWVd2M1JaUVRTUHlaNUx5MDM1QnlDMA?hl=en-US&gl=US&ceid=US%3Aen
Apple Gears Up to Launch Its First New Mac Mini in Two Years,,,./read/CBMiwAFBVV95cUxPUGxzaHpVRnhoZkJOTTBLYXZXNEhJdUZaWmVTYm1CWnZ6MUlTbFR5amtBNnVNNzc5bVNjTVgyaUtLaW9LbzMwQlNtUWNTeWZpNmowMXE0YzV2RkFONUFXUEFGZ0ZwS1ROSkhtd09MYnJScmVJUWItaGlNbW5XLXJfUGpwRGZQTGhBWjZwXzVGQUc3bk5xTnk5SzdldzdCQ2FoNzJtanVYSkM2aTN3OFZWQS0yTm1jRTJQOEltVWVFSTE?hl=en-US&gl=US&ceid=US%3Aen
Samsung Galaxy S26 beta update chevron_right,,,./stories/CAAqNggKIjBDQklTSGpvSmMzUnZjbmt0TXpZd1NoRUtEd2pYNF9qdkVSRkNjSXB1YUg4OUdDZ0FQAQ?hl=en-US&gl=US&ceid=US%3Aen
Samsung Galaxy S26 series receives seventh One UI 9 beta with Galaxy Z Fold8 series' features - GSMArena.com news,,,./read/CBMikgFBVV95cUxQT0h5bXpfMnlGaUxuNk13U25lTWZnNVZJS1JnRW1senRZY25ETkRGLTVpLTAyVEkwaG5HcXdEc1V5dWJaYVRjd08wTzFQVktrVFhqRDNPdGxJN2JvZm1qUWZIa0t4Y0FpZDFlX3JoNnRlLXcxNThrcGZzRC1RZWd4OGtfTXhLRmlQd296QXItWm80UdIBjgFBVV95cUxQNmRJU3NoVVlndTVsMEs4U1FWM2J0VE9DV01yOEtBUVVXWDRBcHpUSkxVQnlWN0EzajFUZXhwLXFKSUFYc3hsdFJZcTJLOFJLRzV3TFd0OHBDNkwtNTl4YlFBSm9jUUFoVUFNU1dQczQtZDZSdEgwdTlEZWpvYldkNFAxTnc5dFZudWRnMUtR?hl=en-US&gl=US&ceid=US%3Aen
Samsung Announces One UI 9 Beta Feature Update for Galaxy S26 series,,,./read/CBMinAFBVV95cUxOaWctSGhabTl5OG13Q0dZUWUyT2M3V1VCVFVLX0VmdFp5V2l6OUVxM01leUpoMVF5d2hjT1ZzVU0yT05xb2hGQkN3bklJdFduQ2dTOVMyVTczUWI0OC1aSllyaF9fNFNlYnROYlo1SjA4bVM4ZmN0YUdNcEZoeW5LeElxTWhOZ1BERk5ZQkNqZ0Z1REROZGFwdFp4Vmc?hl=en-US&gl=US&ceid=US%3Aen
Now Brief can now tell you what movies you should watch next,,,./read/CBMigAFBVV95cUxOS0pRbnFENXB6dkpPVHpfLUtsZUNnaS05Wm5ITHBWZ0ktQnZOSkJtOTJaejA5TlRPZWpNS1FINlREeUl3N3hyZ3RxS0lENVpFVURjLVRFbHNQTnh5SVVPZ3ZyWHZMOG1xbkV0d3hKVEQyOXZDXy1tMC1MSG9ENWNRdA?hl=en-US&gl=US&ceid=US%3Aen
Galaxy S26 gets Fold 8 features in latest Android 17 beta,,,./read/CBMiiAFBVV95cUxPQzkzV0pIU3NVVmgzckVTT01YNHRsc0RPN3R2VXpNV2U4SUdHeUwwUnlGWHlNT3JxRUp4WXRlYm9hMlVzSFpEQ0VIUnNDZlUybUtKaUNaOGJzWXpGUl84LURHcGt6ZFFHckc0VmN2T05tSlBpU2tmdmdielF1WWpUb3FvUXZWRXRF?hl=en-US&gl=US&ceid=US%3Aen
Proton study finds trackers in 85% of US VPN apps chevron_right,,,./stories/CAAqNggKIjBDQklTSGpvSmMzUnZjbmt0TXpZd1NoRUtEd2pOczlmeEVSRlhjYVptemNIRU15Z0FQAQ?hl=en-US&gl=US&ceid=US%3Aen
"1 in 6 VPNs Track Your Location, According to New Report From Proton",,,./read/CBMilwFBVV95cUxNcUotRTYyNUlhaVdaXzVBdC1ENV81bUJqSnlScm8yRkxPREFXdENtNDNCbFZFZ24yaUtYU3BLaHRhY0o2Uml1RWF1RlAwU2wyQ0dXYkFNc1pJN05pcTN6eUxjcm96aG5uSDZiVVVQZk56bHhxbHVrbEpNYXlrUl94dndSbE9ROU1rYXg0ZWQwY1BFbkRUb3pN?hl=en-US&gl=US&ceid=US%3Aen
"Millions of VPN users in the US are inadvertently putting their privacy at risk, Proton warns",,,./read/CBMi2wFBVV95cUxQa0F6WDZySVZEMWdsaXE0SlR3MGJJUkx0c0VURHJBRjVxeDFNcTdXb2xKZnRBWGRueXV5VFZRRTFHc2EzdnJkZlZwY1FjTm9BWmJsdS1lLVh1MDBxd1RVZ1JaSk1GOEp4TldRcE00M1g0N2E3alduY2lZMDhvU3ctaVJScTUzQzFNSE1DenhsVE9oVGZlbkJQYjgxSTg1bUFGcFBHNVFhRmUwa2JNWlAwS3dpT1VERzBiZmpybzRyMzYyUlg0dmd4VVpUU0pDTVo0eVJGa3g2YmE4UzA?hl=en-US&gl=US&ceid=US%3Aen
‘No Warning’—The Chinese Apps Secretly ‘Spying On Millions’ Of iPhone And Android Users,,,./read/CBMifkFVX3lxTE1CVENIbGdWeV92WFBobGNzWElsZjZ2akdEOWdJaGFySVFVM1FXcEFwTjhwa3duRXAwWEFKYVFsTk1TYXFlUWw5Y01SRTkxT2tSdUVBRlJfanRpN0NWVWx1SzEyVk1qWm9VSjNKdjZjVUtNWVZnaHl2YmxhdXh1UQ?hl=en-US&gl=US&ceid=US%3Aen
Proton finds 85% of US-downloaded VPN apps contain trackers,,,./read/CBMijAFBVV95cUxOQzZyenYwQWJKYWF1MFhMd3BGR2JqVlkwYUoxcjNjcVlleWV0UzRjWHpDckJaZGx6ZXE5OGhoR1l5Z0NUdEZ3OGFyRlA3RHQwazBNQUhjMl9WRlpTd3ZTSVZPUHdGOUt4Y055M0gydTBQaVdLQzNZdEF1cHFjd1Vyek1vRk9WOWJxZzRhXw?hl=en-US&gl=US&ceid=US%3Aen
Nvidia DLSS 5 mod alters character faces and lighting chevron_right,,,./stories/CAAqNggKIjBDQklTSGpvSmMzUnZjbmt0TXpZd1NoRUtEd2l1eF9ud0VSSFowOGFwaWV2RXJDZ0FQAQ?hl=en-US&gl=US&ceid=US%3Aen
"DLSS 5 Patched to Work on RTX 4000 ""Ada Lovelace"" GPUs Despite No Official Support",,,./read/CBMitgFBVV95cUxNelhBY3JTVGhXaTQtdmxfUFlfdkEzQTR6S19sLW11YUZyNEdTbmkwTjdSTHQ5aTV3OTU1RG9qc0UtbHJMR0lNNmlTc0tHLTE2ZU5zTnEzZV9IX2p3b3hRMTROb0ZUdVFJemZiaEFEN2Rmd2p3V2piNGRlTWtFX012TmEtZEp2amtENmR5a0ZONTNubW1qX3VuQTdsY0pkUnY2Z1dKNWE3ZjNyMVRCbW9aMExVYU5oUdIBuwFBVV95cUxPbENma0hXUG9VaDJtZjlpa1BqY296U0N4X0xQSTMwMEdfSkd4SW45dGtsdGhJRThnUVEtSWFjT1kwWnpQT0Y3OE5MRklHaVEzbWtCQTQyM1o4TEcwdFFDc29wRHh6Vm9CeHVsSUlWVS1wckx3SV96Q3NZVjFaSGgxVDVXVlQ4bEVaelpRNXZKZ29fUmg2LUpCUVJ6OUdxRnBuM2JuVzlEaXpyR3A2WDdsQ2pMaXBDZmJyUHRJ?hl=en-US&gl=US&ceid=US%3Aen
DLSS 5 leaked and modders are putting Nvidia’s AI effects on everything,,,./read/CBMia0FVX3lxTE54VUxfQjRvLWN0QXEyUmZ3Y3NEa0Rac1Ayeld3RjBBVktRdEhpaE95WV9xMHNkMnBISnNZVFBEa0VrZnc1LU1FSmhSZDBBR3FJaV9oUkxvX3FjY3VMZ0JDbi10VlhPZDFPeGFB?hl=en-US&gl=US&ceid=US%3Aen
DLSS 5 Gets Modded Into Skyrim With Dramatic Changes to Lighting and Character Faces,,,./read/CBMiuwFBVV95cUxPdnF2VFRiQW43WVlFNy1tOEpaVXM2SWFpcGRqTjBoT205ZEZfemZycXpIdVNoaFFaNlhOOVN1R09uakI1OV9uQkJ4Ukd6Qmd6TDBEN09KZkE4ODVHelM4WnplWVVPSXpZR3NXQ25QOTJaaUplOW1RTUtmb0FYMEtnTmZXc3ItUjlPYk5JMHVMUkxmTmVNSGhpUFU2QlFzYlBjQ0JQOHVxdG10VnpMZDVWaC1KQ280SFpSaDVj0gHAAUFVX3lxTFBnVmxzdjFFal9zeVpnem16NVRHWVBaaUh5RU12TWotZHgtU0dQazBneXVsR1JLME9mZ20weFJac0VtY1ByOEVNbVF0WEd1V3hseWUtVnpHMU5qanpLWGE3RUp5emxnWGk2TWFXd0JuX2I1N0ZpYkJXcnV5OWYxMXJ6aUNldDNqZ1JJdHNKSzFSSDdObGFkVGoxSEpnczlQTkhCRzFQcFV1M1l4b25VYi04YXViN00wVUFEV1BxcDYwWg?hl=en-US&gl=US&ceid=US%3Aen
Modder Makes NVIDIA DLSS 5 Neural Rendering Work On GeForce RTX 40 Series Through A Simple CUDA Binaries Swap,,,./read/CBMiywFBVV95cUxPX0lFeXRyeGNOdlF4NFVmano3UzhGNVdGa1BpQVZUSmc2dklCYmVKeFBXUHZ2aUplSDNtYWU2Umkza3o5dzhlTTJCTmU4YUQ3TGcwaEhweXJ0OUpwUWZqUk03MllIbVpqNllsbmxRWmpRZjlGbkJ3UmU2b3NUOFlfNDFUSnNZVlBGd05pd05Zby1xbHQ1QmRsWndFcEhfeXhPcWdjb1phenlDY2NpT0tIVUtJT21kRmpzMXV2dENPLXIyUVUyd3k0dUQyTdIB0AFBVV95cUxPWXFUUUNSMmtVbV9sSmcyMHozOEtERDVMRVYtUmd5b1J6WExQbVZaRXlVTG91OGRLX1B1Y2tCR09PcXpzX1R4akZ6WExHb3hrS2pVRmJCbl84UEs3SnhSeWVib0xPMEZQdndkU0cwWm5wMUpvck9yYl9BblF1MmFsVFFzVEVScFkzR21QUXFwWkFySUlyZVlRWFNKTUZfaGVvOHpyRXhzcG1HVjBFUWs5WFlpQkpaaWIxSFlDTTNxSWswTlZmX08yeXBrbU03OXJr?hl=en-US&gl=US&ceid=US%3Aen
Apple TV subscription fee rises to $14.99 per month chevron_right,,,./stories/CAAqNggKIjBDQklTSGpvSmMzUnZjbmt0TXpZd1NoRUtEd2lpLXY3eEVSRzg0dktrN2JDVkx5Z0FQAQ?hl=en-US&gl=US&ceid=US%3Aen
Apple One and Apple TV subscription prices increase by up to 20 percent,,,./read/CBMisgFBVV95cUxPY3BfVHVpN1BrbDM4Y1Z1RktfV2hTbC1PSjZPcWtaVTQzcWZ3NndnV2R0LVIxR1h1NzJCcVFKYlFRUnJyaFd5VUltbGRoY0dfOGFQb1lrVUtrMkx1Y3hwd0J0Vk1WTU5sWDNkeEdGcHlxNWxsaUR6c0sxbkd0Y1V4Tkp0TDliSjV2VDh0SnZvOGxHclp5LWNSTXh6NWdkTV9RRnFDUlhPQlVoaEhhUlo5Z2xB?hl=en-US&gl=US&ceid=US%3Aen
Apple hikes subscription prices for Apple TV and Apple One in the U.S.,,,./read/CBMicEFVX3lxTE1OMGtxMU1Dd09OVmR6dzBYRkVHU0hSU1I1S0RLWW45Rk55LWo5YTdmOTJtU2FwVUw5cG0tNy03RGRjWFA2akFoaEN5bERSN0lvcEhxTHpqMEJWNzd2T1Bqb2djT2VNRTJZd0k0UVY1WF_SAXZBVV95cUxQbV9NLXA2bU9Bb0tjVDNxMWE4aVNyWTVvMURETnkyUmhHY0RBeEZaSUJmaU1rNFp2WWJ0Q1V6NjUwQjR2dXZKbVdhUmUzUnM4aFBZdGk4VklvM0FKdmxYMUQ2c1dFeEU0UldZckhNWXRRRTdYSnd3?hl=en-US&gl=US&ceid=US%3Aen
Apple TV Hikes Prices as Streaming Inflation Continues,,,./read/CBMiqwFBVV95cUxPT0JnbllOaDRXRzFqYWJfN0NkY2FrMGkzclNwdEU2R2dyVUk4MHlfU0RQNDFNMHYtNmV5RWk5S0loUnRwRVpuSkk4SFVpNzk4a1VETC1mSUFCUGFEVE9iX0J0WDFDd2d3a0FjaFlYekFwNUdodWdZV2Y3TEgxMF9FWi16RDhLV1RwblVvUTR4WHBQNjhLdWp6VzVaa055T3pTRS1OWm1aYnAtaG8?hl=en-US&gl=US&ceid=US%3Aen
Apple implements price hikes for its TV streaming service and 'One' subscription bundle,,,./read/CBMisgFBVV95cUxQTDFRQ1p0aURpdWM0UmdDY1d3MTB4c2VzRVJmYVV3XzdveG0wWTVJeGVNZEhUZXdRbmZpZ0ZoeGZBaGFGc1JUdHV6LVR2VHViTGVhTmxfZVJlc29kU3dvOUFRcGJKODY3Mk1PSWFUbzFwbEpGVWt1ZUNDN2hqNXhPYjBNVnRyYmRIWHVGV0J2Qm5jX0gtbVBncFFjc2VDd21nSy1ncDk3UDF4QjM2a0tySTd30gG3AUFVX3lxTE12MUduUkV3WE1vX3hNSWt2SEJzd0RKRW5qbHVJQTRGNE9UMldvSFZPOXR6S2JKNEtxU3I0QXBLR0RWN0Rlb0YxbGxMT2tsZ3VmSzg0SG5mWFZsMVJVWW5QNlN6WHVEbjNUUkZvTjVxUlJQajRPZmE3MktFT25lbTVJSXc1NWpVUkxaMVhUeTdMRkxkRnFsMFE4R0thSGowMHFJRHBSMG5CT01oZUxkdDJRSWIzMlM1NA?hl=en-US&gl=US&ceid=US%3Aen
iPhone 18 Pro pre-orders could kick off slightly later than usual,,,./read/CBMingFBVV95cUxPSXV5NU15bUxPQmlJbW0taThuMXlIN0hmbm9uMk9PNmZOd3RSZjBQME1KYzhMUi1Qb2hVVVpYbTBRRHowSllxOUxQc3FXOXRRcEF5c0NDZ1hSYThKRkN0MG1WZTBacGVRZHFrYU15OUU3OVlWTkJUU05YU2tnc3hGOGltRjFNRFBsUzFPc0IzTFFOejc5cnhqVzVqa2VXdw?hl=en-US&gl=US&ceid=US%3Aen
Four advantages iPhone 18 Pro will have over the iPhone Ultra,,,./read/CBMimAFBVV95cUxNUjAyUW1wZ05qNUFNTm9kRFRXZnowZ1d4WWN0bWhtWWlZT3ZDdzd0YzUtalBvclZOVU1yRWd5MG9qcFU4eW50RXB5RTF1Mi0ybzA4a29QdkxZTzVsS3BBTk4xWWM0bWRQUW1FN0U3aTZDaS1RaWs1Y3JoYzBEdlB6SW1sVC1kaXlpREN6ZzV3dlRZNE5NR1ZwYw?hl=en-US&gl=US&ceid=US%3Aen
Apple to launch next iPhone on September 9 in first major event under new CEO Ternus,,,./read/CBMimgFBVV95cUxPVmZweV9TaVNyS25MYTlTb3huOHozLXlET0F6eW9WUlRzZmVFNDB6c3NyanAzYkpMeno4eW9oRi1SblZBWW5kanF0eE1veUdFcUUtaTd1bFpqOTRmdmwwcWtfRGFuSm15WmJ2VXhCemJ6ZHJVMW9PQzdGdDdEc1lIRldOOHZBRnQwQlFjVjFibnlaTlBDeTlXcll3?hl=en-US&gl=US&ceid=US%3Aen
Apple’s Foldable iPhone Will Help Bring Some Magic Back,,,./read/CBMi0wFBVV95cUxNaW53OEtUcUlvb2lWTnZFNGl5akpIMTNJcWhaZm5YQmpleC1WcVh5T1JPcDZsU0RfQTFiRUktNVB1M0pqNlFIUDQwSmowSHN1WkVJME5MbEFSdWMtcFk5Q0FhcEFfdEt6NkdOTEVuY3JwTGc2T1ZYZUl2NndIemZ3Tlo0X3g0U2dFQkhhRzlHUmlmYTRtSHJteGNIOUgzS3J3aFg4TFBaRXlRWHhmM1FGdExHMlB4cm5OU3VJQXY0TjB5NzNFTEhZSTI4Z1JqRjhvUkw0?hl=en-US&gl=US&ceid=US%3Aen
MLB The Show 26 joins PlayStation Plus in September chevron_right,,,./stories/CAAqNggKIjBDQklTSGpvSmMzUnZjbmt0TXpZd1NoRUtEd2pzNDl2c0VSRjVaemZVa2FOOC15Z0FQAQ?hl=en-US&gl=US&ceid=US%3Aen
PlayStation Plus Monthly Games Locked In For September 2026,,,./read/CBMiqgFBVV95cUxOMGZUcWNfRmsyMUM3YUhFSzNtM0NGeDZFX2NoOGNQR0EybVFPekliTFJlVi1YdVZUT2x1TzZwVE91di1wS3ItcE9EcEFjTmtxYUVUQzVQMmJXUTBRTkdvd1lMQXp2d2JwSzRxWklBMkIwV25IUjBOTkk4M0FkOXBwRG13ZFFMaGV6UXpuSWNEU0VodFFhdHRxTlB0bEJuSDVQVmcxXzF0QTV4QQ?hl=en-US&gl=US&ceid=US%3Aen
"PlayStation Plus Monthly Games for September – Sniper Elite: Resistance, MLB The Show 26, Wobbly Life, Chained Echoes",,,./read/CBMi5wFBVV95cUxOckwyX2hOSGo0ZnE0S3dGbWNDdjVVa1hSR1o4M0dPTjEzaTJMZ1hYdHJBaWUwLTgtWmM4VlkyWGRmMDA0eVJKd3h0YjFTMGVHdDM3TUFfdHBVa1Z4M1lRZnRIeDJBdi1pY2V6aGRlZDNVQVQ2UEl6RGVwWkF6SXU1Z0NwMHFfM2tXRzU4dlRIbGwyQlhadU5Leld5R3lyWEs3S0FjUXFkNGNINFUyU0lrblVrNnNfQzJTSmtNdFhwY0tValVyOHVPeGJWQjJ3bzdEenJjaWZXdnFuaTR5NDk0dU5XYmJzbzg?hl=en-US&gl=US&ceid=US%3Aen
MLB The Show 26 comes to PlayStation Plus this September,,,./read/CBMiigFBVV95cUxPSm82aS13blNmNTRJbGwyVnFpUmJNV25zRmt3bUJ0V3NLalZNemNzaFNadHZqOUs4MEpTTXU0WDFrdFBYb2pZczBLYXR4T1pRWWc3MVdsWVBmcTBjdDNmYV9TWlhiZmxPanpGY3c4UjlweU5INE5xZHJ4M043ekFYaFE0ZnlBMGx2TlE?hl=en-US&gl=US&ceid=US%3Aen
September 2026 PS Plus Monthly Games Include 'GTA For Kids',,,./read/CBMi3wFBVV95cUxNaXB0ZlY3UzU2VFFvR08xckZhRXFsWTlRZFgwMmRhaDdGcm5zZ3pqSHVuT0J3YXJ4THIxT1prUXQwMjk4Zk9JVGdWMGxxSHJhWURsRjZpY1ZvUDd4blFlejE5QU4yZTlITjUxUnBMZ2dPaVZzWUptZmw2alBBOUJSN19vWTZjb01IUDRIT1psZHNKdmtud1h6S1ItMDdfSmVLMWx0MlZqLW42VDlrQ2hGQ0xpMzYyN2UwQkx4aGFEY1JMLXlGa2czSG12Sm5mUGpWVmtKeVNxTG5ydS1wVkNj?hl=en-US&gl=US&ceid=US%3Aen
Brave browser introduces new email aliases feature chevron_right,,,./stories/CAAqNggKIjBDQklTSGpvSmMzUnZjbmt0TXpZd1NoRUtEd2pCM2NyeEVSRnRsXzhKMEVjT195Z0FQAQ?hl=en-US&gl=US&ceid=US%3Aen
Brave’s browser one-ups Chrome with its new support for email aliases,,,./read/CBMipgFBVV95cUxQaGNvU0Z2eWZvZnlMemgza0l1LVBjRFhZb1FQZHlBU0JVeEZNbG1LQjhWRlRBbUM4NDBaZUlWb3kzaUtzMFMxZXRZUWVzTFVPMkIwLU13RkhxemE4eGpsTHZJcWdHR01QZjlnMzQ5WU5sZXI1bmx2UFBOa1Z4ak1tU2NYaVVSRXZ0TzVwQVp5aGZJV1JLajNTZ1ZHdkVodFhZWThLLVpn?hl=en-US&gl=US&ceid=US%3Aen
Brave launches Email Aliases to keep your personal email address private from websites,,,./read/CBMiYEFVX3lxTFBiLVFlcHNxYXpfaV9IcmxQSDVCbXhZWFRoSTBzMmFaVGl4bFVRVWFjOW5nRmZ6UWdVUU9PWUJQTVFHeW9QTS1ldkNEWTVyMlVIWnFYR2U2ZzRQZ1pyZFk3MA?hl=en-US&gl=US&ceid=US%3Aen
Privacy Browser Brave Launches Accounts: Passwords Stay on Device,,,./read/CBMidEFVX3lxTE0yVHBiWkl6UV9NeGVVNDFQU0dpYnVnUk9HTW03aTBtVmc4U0UtZE9RaEFIMFVIUVh0R2N1Z2xQcVRhY3IzdnVmdHZjR3FfNTRXUmZhTFEzX01XZ1B1N1lJa21YQlNhWUwyOGVlNDN2c1ZQUlJn?hl=en-US&gl=US&ceid=US%3Aen
Leaked gameplay footage of EA Motive's Iron Man game emerges chevron_right,,,./stories/CAAqNggKIjBDQklTSGpvSmMzUnZjbmt0TXpZd1NoRUtEd2p4dV9YdUVSSC1yZEx1NVo2bGVTZ0FQAQ?hl=en-US&gl=US&ceid=US%3Aen
"The ‘Iron Man’ Game Lives, And Its First Look Leaked",,,./read/CBMihwFBVV95cUxNOTg0NFF0ODJ4REd6TzJyd2lnczFjdjFiV3ZLdlRTMVNlM0w0YVJuR2tyU0FVck1rdW96am1NeVdUNTdCa0FJUzFqblJlQi1FMFRqNlhrS0duY3RUa1dnSEFBOUpjOVlyYzlRT1JRZURnb2owbGJ1OGxFYjE2YXBCQ2ZUa0FDRms?hl=en-US&gl=US&ceid=US%3Aen
Iron Man's Official Return Looks Incredible in Leaked Footage,,,./read/CBMibEFVX3lxTE5RNVcta0lHNlNNbi1VR3dhYzdpU3pUcDdLQUt2RnktY3JPNnQtSVFFNUJZTEN2SkdhQkI1VXNvelBkWlU0YXF4MFBkSWh3TEFCVGh6NmVyVmxCek9LTG1MSWItbWVpcUkzUzRhRA?hl=en-US&gl=US&ceid=US%3Aen
5 gameplay features we noticed as Marvel's Iron Man leaks confirmed to be real,,,./read/CBMilgFBVV95cUxNT0ZzT1QtUFZ1akhMOEZQSnZ2OTZtekJQc2p2ZEZOZ0s2M2xGWFVkSVU5ZXRlUE4tVEVnSlNtTWtHS0VYaTZXV0ppbU9RSjBZSVlycWxnWG42Tk1mZDlyemxpNS0tYVdHcEUzZ2QzclFCMEZSUk9KQmxkVGI5Q010M3lXUG05ZWlJVzVFcTBUa0RicFpGMHc?hl=en-US&gl=US&ceid=US%3Aen
Gamescom equipment theft incident chevron_right,,,./stories/CAAqNggKIjBDQklTSGpvSmMzUnZjbmt0TXpZd1NoRUtEd2lCb183eEVSRmlDRnM1Z3hQbzV5Z0FQAQ?hl=en-US&gl=US&ceid=US%3Aen
Gamescom's Response To Stolen Laptops Gets Community Noted,,,./read/CBMi-wFBVV95cUxPdy1xcG9wRTNwNjN5aXdVY0Z4VFg1V3VKMWN5Y3A3WjV1TS1YS0NCVWVCZU5iNVNUUnlwclYwUDlNZ0Z0UUp1cEpNdzJHdWU4Yy1HWV9kX0RmVHI1WHZMLWRHSGEzQUJqMWxGSmhVVmZ4Ylg2RXg3QjNHcTNMNENUbjczVkhKYXdXS1FYQ216UHhCUVNhSURHbmlxdDNaWE1BajZwbGRXQ0JIZnF1SXV4eS1FUG5RRlUwUjc3Qm90am5ZdUpvb1l1TG92UkZ2NDlORF9uTTlEVGM2M09HWDFuUHhfWTlaTW9zNXRrb2lvNFE5SEZmbEF2cnlFQQ?hl=en-US&gl=US&ceid=US%3Aen
CD Projekt Red Offers To Help Gamescom Theft Victim As Industry Shows Its Support,,,./read/CBMitwFBVV95cUxQQldvMXFya1ZIWUlrT2NUMkc2RkhjUld4REo0SjYxVVdNMWFFWmlEd3JhaE8wdVFLRTBDa1o5SUhMb1dSd0xucXRER29qT2hvRnBIdE80QXJWUDV6bHVvcjVQT1FGeFJpWENEUEc0clFOV0ZFX0s4YnM3SkU3QjQ4b3NYWkhDcmFMNURublEwV3E5ZzFRbGxJT2g5ZzRkOHBJcVdJM0NKbEdESEhYdGtiNzgyZzlFenc?hl=en-US&gl=US&ceid=US%3Aen
Experts Call GTA VI One of the Most Impressive Graphics Demos of All Time,,,./read/CBMi4gFBVV95cUxNeGNNbHE2U2lHX204YW5CMG1IWFVDUXBBMjQ3cHRpZ1RsN3FmRWlWQmhmQmNhUmYwU1g5bnRGRjBfVGZKR0JhWDVfVzFEdkhmQWxhS0llZlVIVXAzbW42ZUJPQ2dSQzBkaG1zQ2c0MEdqaFEyd3FzY1ZuOUhtdjJLSGpnWnRoVS1qbTBwcy16b1RfdjJHMjBDSnJuMU1mVnNUMktYMHV6c1lFLTVQOXdvTXJvZnZtbXl6el90NlFCSkkyaTh4Tlh1eUtldXdWYjNKVndnSVR3UHRxRHgwS19Ld19B0gHnAUFVX3lxTE1ZMTNacXpuaFNEUnZpd0w5enM1QWdsdVlnVGcwaUN1OEdxNE9fNndzREtwR202b0hsTUJSckJVWUZpQlA2a3oxU2ZyWkFTRlZpVnpad1IzMzZQNEJ2QjN3d0otaGFJU0VDbkpBZmYxUS1tUGFoRk5iaEx4SHEyRXVyNmZVbkNoeHBTaHZlZjRsN0taWVlteENkc2VzSk15TkZsdVZMZzRFMTlsejRhamI5WGJISlpNTmY0cENZajhUd19WOTVLZ1FsbUl0Z19mWDBCTHAyQlEyY0dWZXRwc3I2MnAzZjA5UQ?hl=en-US&gl=US&ceid=US%3Aen
Gamescom addresses theft reports at this year’s event,,,./read/CBMilgFBVV95cUxPaEgtMW44VE1wTFkxV1poRklvZUU3NzhEejNub2xXa19qYXJ0QXVvUkxmVzliekpHbGd3SHVvVFVZcHpmVzNSRVZtR1RMNnFPbmJsRDhpSmJqNHR0TVBMUXAyNUVDZld0T0xRcDFEUllrZlpzNFlGS3k3cE1NYTBqYm5SdXpPR2hldGYxWHdMSFBFNGVuaVE?hl=en-US&gl=US&ceid=US%3Aen
All iRacing content will be available in career mode at ‘zero extra cost’,,,./read/CBMilgFBVV95cUxNQ0VzbXhsNWYydUpuYjVpUmFiMGZEdmtrTFozcmJINWM2RS01Yi00U1dWTFdUYjQzTFhJdkpMWHhMQ2hfc1VTWXN4V2JaUi1Va1BkNDlJaGlxZUVIYUFFUlFhV0k1MnZvQi1TbW1GV1NUb3gyWnRjblIzei1Hb3ZqRjc5aWNOMU1hSG1KdlZVNjlBWEpHQUE?hl=en-US&gl=US&ceid=US%3Aen
iRacing Development Update: August 2026 - iRacing.com | iRacing.com Motorsport Simulations,,,./read/CBMicEFVX3lxTFBZdjlRUFdadVJldWstRVpEWkJMWjNwMUVIMzJaZ2ktejJjYWxYaTlrQ1FkOUszalJ6c1p3NXhZenV2dm9HUGNfOWhpSG84aVZaOVZCUXlUUzE3Nk5mTE1ZTnNCVXFRUXdsRjZpMERWUXY?hl=en-US&gl=US&ceid=US%3Aen
iRacing’s Long-Awaited Career Mode Is Nearly Here and Sounds Really Good,,,./read/CBMiowFBVV95cUxPeWNpcW9yY2FWUjhoNUpYLXZaZU9mcTV0Mm1vMEhYSl91ako3dDd5a0FhMnljSXJGNnNJNWRseEYwWVBTdXV1QnF2TEVrOUloSmd2WUlQSEIyNEVzRWdKTTVTVklWRHJCejZYVEZ6OWVYRndKaGNISmF5TXYxYXh6dVUxMVoyck9DNlVBZWJhbXRoZEI5V0xVRzM1RURIWFRjRmtV?hl=en-US&gl=US&ceid=US%3Aen
iRacing confirms Aston Martin Valkyrie Hypercar and two Caterhams for Season 4,,,./read/CBMinwFBVV95cUxNTmY0YU5BSzJzMlBxbmQ3SVFyVmVpVjc5a3RLVWxteU9tckpqLV8yanJmcV85LUhheEhOOUxIVzN1OGkwT1NnTW9TRXF5cUQ5Z25SUWZYWVZDWmNvMHRiNmZnVXBtd09iZkJGRDJ1bEY4OG50SlNObFVwSnFfTzNUZGtCNld2YlJwTTFzd3RWRUprUjlOUkRtdklvSnczN0k?hl=en-US&gl=US&ceid=US%3Aen
Rockstar Games releases statement on Grand Theft Auto VI leaks chevron_right,,,./stories/CAAqNggKIjBDQklTSGpvSmMzUnZjbmt0TXpZd1NoRUtEd2o0eklUeUVSRjE5UjNXMklaWGN5Z0FQAQ?hl=en-US&gl=US&ceid=US%3Aen
'GTA 6' Cyberleek update: Meme coin crashes as leaker cashes out,,,./read/CBMiigFBVV95cUxNbFpKb1hJUnYtMjRadnI4WDFnbHVROGhFRXlqeXAzY3l0eUlySWU3WnN3eG9WQ0VZQ21GX0dxRXhnZ3lxZjZ3R2xlTUhlSVBENTNtVWpCTDBJeVNDRy1yRWZ0d2RVMXhxTVZJQk94QVZLMlIzeTBVRUNsODE2ejJLcWtOZTAxRmpMbXc?hl=en-US&gl=US&ceid=US%3Aen
"GTA 6 Cyberleek update: Everything leaked so far, what might be coming next",,,./read/CBMimwFBVV95cUxOUlVIZHVEVU40X0hKYktnNTN5djhJVTRGUFp0NXoyTERxbUhGYjZ2Vm4zdmlENTdZU3ZjUHZDQ05MSjI1d2Vrd2E1R0R3ckUyN05CNDkxVTQzdXhPYkNpdTR2MzdBdlBrRnFvS3VsdFZhaDJDaDNUREtnLUhqODhDS1NpV2JtcHV1amFBcWJhVnYwZFdkbkQtV2RxQQ?hl=en-US&gl=US&ceid=US%3Aen
GTA 6 leaks: Rockstar issues statement over online clips,,,./read/CBMiWkFVX3lxTE5aUGRJV3djVXlpR1RRVDhFMUFISEU1TGRIdDVZUlZnV3RRWFdVOE5KWWJCcXYtYTgwY3l3RXFyVHlOMHJ5WUJjcXRhVDMtRWtWakdFNGJVVXliUQ?hl=en-US&gl=US&ceid=US%3Aen
Rockstar Games pulls back the curtain on ‘Grand Theft Auto VI’ after leak,,,./read/CBMizwFBVV95cUxQZmR0QmYzM2JvWFlNMjZnZGpET2dPeXl3eG4tYTRjdk9BYXF6RDJmR2NIMWs5aGhnSVQxUzNYeUJqQ1RfUmU4c3hJWUFGekdoNGFoNEFMMlY5MGxPZ3gwRmpiS1RoVDlhbUtTNC02YTV1aXRidGJNNC1LVjJPMVBCdDJZQU8yUXpKaDRLdmdNT2psVkdrZlplNXJQZFdsRDd6LXlOcllNZC1scWxXcVhBdzh5MGRscDBQYmxnck9jN3RobUFtd0ZaZFVpZzNSTlE?hl=en-US&gl=US&ceid=US%3Aen
"Elden Ring Tarnished Edition New Content Locations: All New Weapons, Armour Sets, NPC Invasions & Horse Armour",,,./read/CBMiswFBVV95cUxPU1V5aHlRcmtfNVBYZzI4U09lNTlIeXBIMnpDQk1jdlVOQTU2aFQ5blEyWDhGOFo0VjY4Wmk3bGZQS00yMmlYdXNRaVpscHZiS09OOElOVWV4d3dLdmxEYVJ3dFRXMHJVMEhLWjZ1M0FQR1NGR1lGNmpqLW9DM1VQX2MtR2xheVlwSlJfczAwcGtoMHpKWUcwZmdNV3BVcjNsWWJOaVBoS3VfYVhncjNBUU5qRQ?hl=en-US&gl=US&ceid=US%3Aen
The path to becoming Elden Lord begins today!,,,./read/CBMiigFBVV95cUxPME5PbVE4QnRfMEs1bllyc0QtVEJkQ2VVdmVLR3RsV2xqMVRpbG9XNGRqaXF2M2dScnpkUUJGR0pyUGU1M3NzTFBzWXRibUxpTHh5OFJTVnBtM09DMDBLWEpCRW14TmpnaHVuZThFaGdSOXpKYXVYWnp0T1EzWTAxUXYwQXdCcXRQUWc?hl=en-US&gl=US&ceid=US%3Aen
Elden Ring on the Switch 2 isn’t tarnished,,,./read/CBMiiAFBVV95cUxNT0Q5S3VBSFBOTFhTMmlSQmRwOXB1RElCMHo4aDR5ZjJaOTg1Zno2a1NZMzdrMWR2RkRFWUNHVTd6UHd3d1VjUHFCdzdlUnBPN2x2aGMxRUtGOHFZSWpuU3R3eGlzTy1DMl93M0JNZnpuVzhJMGN4b2pwbjlwRkgtWGNNZTVrTWQ2?hl=en-US&gl=US&ceid=US%3Aen
ELDEN RING Tarnished Edition and new content for ELDEN RING beckon back players to the lands between,,,./read/CBMiwgFBVV95cUxOaGFxdVdwUUVLNzFCaVZQM2RRbVVtRzU0d3V3bWZLbzNOb1VhSEExWmpsWUswbFZxN1BKNWpVSmhiOXNwYTRVc2hnZEU5WG92RDdUcHFmSzlpTXJHV0oyQzdpeG5OQjlyMVpoc1BpdWRUc0F3eS1zaWRBUnRiRTIyMzNXb05IeEhXeExSZkg4SkkzdkZfRER3SUJORGRMV3VnaS13WVVUYlVwcEtsQm9zOGZQalhZTHlpWEZoZjMtTWd6Zw?hl=en-US&gl=US&ceid=US%3Aen
‘Force Restart’—Microsoft Changes Windows Update In 10 Days,,,./read/CBMirgFBVV95cUxONVk1SHhYZGU4clBDVzYxcy00UkZyS002Z3BYV2lkT0t5UWlmVkEtb1F2MnZrdEJ2ZllxelZ0VU1UN21IemRPNDdrdGlmMXd2Ykhtc2xqZ2VUelRtQkM1LUhqSzNpRkczbXo5TFBMc0REYWFPRTZRTlhpbW5LUTZKcDFiRjN3TWhpNlhzSnVDZkNoaUxSX28wUmo2TEFaSzFrTTIyMWswNV92VU5ialE?hl=en-US&gl=US&ceid=US%3Aen
Why Rockstar Has Said Nothing About ‘GTA 6 Online’ So Far,,,./read/CBMiqgFBVV95cUxQeVpwNlNsLXBpeDB4cnlVenM4U1ItSk1ZOHowczlkNTVzRjNVdURBNWdsSVVZQm1tcDBpOG1XOEUtQTd3ZTNBcW1KM2FXMGg2YXdtZmdsWVlCamNvS1lkTHEyMFYxWVRrRkNfUTEwUGJsMmZrbzUzVDFkY20xQ0lORjF4UE1xdVVvT01XN2JIQk5QUDVHYjdrQnpuekUtRld5ZWxtbUhQQU0yQQ?hl=en-US&gl=US&ceid=US%3Aen
Will GTA 6 Have First Person? Rockstar Reveals Launch Plans,,,./read/CBMidEFVX3lxTE80QTBacTJ4MXRhY2QyMGdFeUd4WVVZdGR6UGF1NHNOQzE5Y3ljRENNNzVZUHZTcG9oa0s4SjJRNmk4VWtnR2tKTkxEbEM0bEVCM0JIc2Q1c0JlZ2NGUjg1dlZOOEpseloydlN2c1BaQ3Uyankw?hl=en-US&gl=US&ceid=US%3Aen
GTA 6 Online: Everything Rockstar Said—and Didn't Say—About Multiplayer,,,./read/CBMiekFVX3lxTE1UTjFERldCa29nY3NyVjJhVVFOYzhLUFk4V09iQ3BfTThFdTU2VERTdl9NZERHWUJ6akRvNl9LbEJLM01BQ1FWN3loYmRYWHdObWdFU1F6aUktRDF3UkZCS0dDcWwybXVaTlZWdXdTX1FGQnZvNHh6ZzhB?hl=en-US&gl=US&ceid=US%3Aen
The Witcher 3 Remaster on Nintendo Switch 2 will run at 60 FPS - Blogger,,,./read/CBMiwAFBVV95cUxObHI1LU9WUTFaQng5RVNGVUQtOE1jS0RSS3lEazBhelN5THp6NGM2dDFzZWJrNGphSG0zYnU4MHJoR3dLR2Q5aUFUVk9Id3FreDVMZkdhdDlweGVHWEVCSFlDb0tnYlRvN2NLOHdIZTlqRF9BNWdYNENOcGhyOG02alNFUldsTkJPQ0xPOVlpdG1UNUJQQ0tnNzNFTXRBVmlyMmp5MU9qdDB2MURGdFd5OVkxOU03WXp3TU5MNUpSOVXSAcYBQVVfeXFMTkJmS3hhS1N5NlZadmJiV2YyeGRPbGFlZXZPTnJRRkltSTdMYjlmM0pmQ3pOd0pTOUZSQ1BvZTZHalNSaHNONHV2Y2pYYXV5djEwWWN2VHR2VldkNDlsbVRtb0c2WTlLQXNZY09IM09kb3IzMTFFVTFJaXlKQnRlRV9xczVDc1VRV29RaTFza0gwRmhqM1plZkRkYWFTMjhXSWhuSGRmbGVoYTlDSHN1VUlOVTc3WDY4Vl90dnNrSnVDVlNES1Rn?hl=en-US&gl=US&ceid=US%3Aen
Google's Android 17 encryption chevron_right,,,./stories/CAAqNggKIjBDQklTSGpvSmMzUnZjbmt0TXpZd1NoRUtEd2lId1lfdUVSRnI4a3ZwVy1JcnV5Z0FQAQ?hl=en-US&gl=US&ceid=US%3Aen
Android 17 Adds OS-Wide ECH to Hide Website Visits From Network Providers,,,./read/CBMif0FVX3lxTE5Ea21zek5CZm9vUE8zMTJHeTh4SFJZSGVpZm81YnlGcHlKTTZqX18zbWJNaTVJTUZSQ19SNm10Y3V0dldWdG9adzd1S2lnZm9KQUxZUElpMzBkbTNNQTVUSmhKOGRMOXd1eDZZQ2FWd2VSNUFjLVFKemJkQmd6YWc?hl=en-US&gl=US&ceid=US%3Aen
4 new ways Android is protecting your network connections,,,./read/CBMiekFVX3lxTE1ld2lfSzA3QjdvYkxVU1NPX1c5cUloRUZqVjFjNFU4MkpGZDV4MUZFTFRfUEJHbGdxMmN2SGgzQ3N2YzRmNDJCT3pTb0pkdU9FSTNabHg1b0VWcDR5YXpEOTNBT2l4NzVtVmhzQTAtNHVrQ05DZVRCYk1R?hl=en-US&gl=US&ceid=US%3Aen
Google Deploys Support For Encrypted Client Hello On Android 17,,,./read/CBMimAFBVV95cUxQUmFTWW1jelEzVjFhQ3hDc0o5d1Z2cFZvb0I5WXRnRGdESE9vM2Q5RkhSU3lzUjV0dmRoeXE4MmwzeEtZMXp2dC1jTExrMWZaak5xdzJwTTZyNExaYXlGU0JWQUlkVF9CNjFscnB0a0NBNks2Rm16VE45SXhKcC1fOGo5ZjduVzZNdEV2ck9na2dYUW84WUM4Yw?hl=en-US&gl=US&ceid=US%3Aen
"Android 17 boosts network security by hiding domain names, lets carriers disable 2G",,,./read/CBMib0FVX3lxTE84ejFZMjZGYlhxUHlVSjVMaURyVFdLNW9PdWNqdjE4TjB1bjVvUDAzazU0ajFjX0F0M09HME9uY19XWjhHMHdJbHA0bmVlZ1lxb3hGQ2xsNGxjcTltQ1ppQVJzQWtId2F1XzR0WDhRRQ?hl=en-US&gl=US&ceid=US%3Aen
Activision's Call of Duty cheat maker chevron_right,,,./stories/CAAqNggKIjBDQklTSGpvSmMzUnZjbmt0TXpZd1NoRUtEd2lwem9yd0VSSG42a2F4LUVvTmZpZ0FQAQ?hl=en-US&gl=US&ceid=US%3Aen
Activision Just Served A Notorious Call Of Duty Cheat Maker,,,./read/CBMijAFBVV95cUxQUXIzRmZnR0lPUkR0bUJPVnRlcmpQVmlHdlQyOXEzSUFhN21QUzVsVDdwbDd5enFHVkVmekZ0LXA2czFMa3FWZDFPRlFEX2dybnc2bmdqQy1lR3FHLXVGLTRna3puSmZ3U2h3aW42WmZ3WUxjamhTT2Q4SmVVMl9VNFlfelFBTnN0M2psRQ?hl=en-US&gl=US&ceid=US%3Aen
Activision lawyers post IRL killcam of Call of Duty cheat maker being served a takedown notice,,,./read/CBMi2wFBVV95cUxPNERRLXZJNkZXQWxkZ3JtUW5VQmlZTTFmOG55T2dsaHlBaFhKMkVHZF8tSWRSZzZiMG9hWHQ3d3RXeGlZZk54OWlRWEQ4VklaSnBNeTVmV3Q3Z3JpUGRxdC1sYzBWYjVkZjRaRm5jeS1MNTFxNWJfdkdVZFVVX0pmdDNlaVFpd2p5MXFUZTUwMGdKNFpyUUNjX1pJR1FMSVVXZnk3WDcwVUVDSnF0WnJXZUJoY1YtXzFnTnp1cWg3T2g2VUNMMHo4UmFaX3ZRTWpXLXlvOS05WFlTQ1E?hl=en-US&gl=US&ceid=US%3Aen
'We Will Find You': Call of Duty Goes Full Modern Warfare on Cheat Makers,,,./read/CBMiekFVX3lxTE5JRmpCSHNNVWlQVzVkWHB5Y3NLMnRsaFN4cUEzTWZOSUVzNVFkdUpYV1hEOTlUVWJjSUdzdzROdXY3RkVpbzFtOXZDTXBNdXVEdXphSnplaGNEQWtKU1ZiOHVKeWRYYS1RSTBacTIzRl8ta2F6UTRXaHVB?hl=en-US&gl=US&ceid=US%3Aen
Call of Duty literally posts bodycam footage of an arrest over hacks,,,./read/CBMinwFBVV95cUxPMGdKRERWdGdIMW1EUXRPOXpweHA3WEozV1pGRGp6MW5PYVVLR2lMZ1JCZlZXenhkZlF5THdQaTlVUG52bnVFTjV1SV9JaDhmV0ZFaHhraHBUVF9mQnQwY1FpX0RRbE9WMWZSTU41bTJ1UnJjT3laekIyZmhiLXpRS00yTm50czUyZ3VkdWp6eUNYZEIwVjJ2SEhMVE1mYVk?hl=en-US&gl=US&ceid=US%3Aen
"Gamescom 2026 trade fair opens in Cologne, Germany chevron_right",,,./stories/CAAqNggKIjBDQklTSGpvSmMzUnZjbmt0TXpZd1NoRUtEd2lmbFBibUVSRWRHeDd5OEtlQVF5Z0FQAQ?hl=en-US&gl=US&ceid=US%3Aen
The Biggest Booths And Coolest Sights Of Gamescom 2026,,,./read/CBMipwFBVV95cUxPT09kb0N6bUpYZzdEdGxFMTNpNXNuMThXMXgtZUM5SFJidkh6NWUtMHduSDNhbzVlQnNzZUJhcnd0WWxSLU9vR3VYVmxJT0dzUWZSMEtxcV9EVkd4Sl9jd0lfUHpHdGJnNFRJb3E0Sktra0ZsWG9MWHkzcC1ZSm5udTRyMmNFYWcwajJEOVptaEFYVjd2VWt2TEF4Z3FQRlc3MnBPeVVUMA?hl=en-US&gl=US&ceid=US%3Aen
Gamescom Opening Night Live highlights: 20 games coming to PlayStation,,,./read/CBMirwFBVV95cUxOc1RjeDNEdjFSTHFvWEpnS0FnNW1RLU5RYXpVNW1NTmZyRWZuaGhCLUNsSU1lVU13LWUxX0VrU1NpNXNCMVNtRVRZaHZLZnN3akl2bXlKby1nSThRdEtreEIzQVVnS3pCWDQxbkdlME15RlBUdUxPTUMyakpiXzdQenhXcUdua3VrWFUzUmhVeTFQN2UxRHJkR01fZ0dqNFkzbF8wQWxHUndNb0ZzOThF?hl=en-US&gl=US&ceid=US%3Aen
Every Big Announcement from Gamescom Opening Night Live,,,./read/CBMikwFBVV95cUxNcU1HNUJyd0h6STA3SmlkaERLVjlfbzJ3b1dRMEg0V3VjNW56TUszLWZiR1htYms1QlFNUlNpRnJ2SmV3d2xUWnR3Yi13MEhoYW1LYkFha09sNWwweTJTUGJQTndseWJ4VVRTRTctTzNIR0w0dHVaajVNTUxidU9fbFNTeUtZVExsOUJLckduTFIzeWc?hl=en-US&gl=US&ceid=US%3Aen
Gamescom 2026: What's next for the gaming industry?,,,./read/CBMieEFVX3lxTFA4eUg5Z1BoY2tGSGhycnUxeG5ILWZGN1BXNUdvdEFkSnZvLWFMWDRPVWtwcW9mRDdvcVpOaVctWnFEeFdVOXJIUWxDb0xkSmU1eVlOTVdVU2hlMWtlWU40TDE0RzY2SVJ1TXZNZ25QRUo0TkFRakhDMNIBeEFVX3lxTE1aYzFTVzBJYjJrQk16NzhmQ201cC00dmNva1VyVVBfVU1POWdhZG1fSnFFTzBXdHl4NFBMWE9qSnFaNUtqXzRYQWZvRDJpaFFZZDBSeUExbjZFT1ZJQW5LMm96VEctcHBTTVdYdXNqT3pBajk5WDkteQ?hl=en-US&gl=US&ceid=US%3Aen
The Witcher 3: Wild Hunt Remastered chevron_right,,,./stories/CAAqNggKIjBDQklTSGpvSmMzUnZjbmt0TXpZd1NoRUtEd2lVMElEcUVSR1pXc2JGMm1WQjdTZ0FQAQ?hl=en-US&gl=US&ceid=US%3Aen
The Witcher 3: Wild Hunt Remastered Bumps PC Minimum Hardware Requirements,,,./read/CBMirAFBVV95cUxPWHBiSlJDa1NxSm44OUFNUlYtVUI4dTZjdDVLb0F2UEJ6N3lpT1NXWi14WUVEUFk4WEx0QXhWWEMxVDlIemU1emVvdkFWWkp5WGVwc3hZWjcwSWlWRmJPbk10R3dXbjZ2bUxjbjFMb1NMbV94SFNveHVZLU9rWFh1MllyUVlJWlduRjNlMEw0aXljUFQ0aV9uaUs2aldPZ3l4a0lXWE9Oc3JwWEQ40gGyAUFVX3lxTE9HTFJfNVlucG9sNlN4V1VuT1E1T0VRSGVta3FuTDJocFFpUEJhZkdBUG05OUhlcW5WcGJQWEdFVjNQV2V4SHl6X2Qzc2hSdl92T1Y1ckRwT29PXzg3SGpXNF9feVh6R3NNS2JSbjV0SzVaenFPZ09MXzZTTzRNMVBTZTBrR0xTMjF6TlNIM1NrZGtBaEdJakVrSkZPWUdCUjZvcVExWGxUU3dEWFlpQUNwS3c?hl=en-US&gl=US&ceid=US%3Aen
"The Witcher 3: Wild Hunt — Remastered Announced, Songs of the Past Gets First Look",,,./read/CBMivwFBVV95cUxQNURmWUY2N3EtQ0g0emNicFdvRXdRSG5kRXprSmFSVFNTUjhDcnhKUEpTM1paRkVpd1JIYlBPUVVid1BqUnpKWXlLV1c5S3lkdFA4VkZSVWRrMGpZaXZ5QlBQamZyd0psZXV4MGhXaTNJSmxMamVVZzhReGpYWUVndEVjMUR4NWxCZEdkMEVvZ2wtN24wQTNIVHBSRnVkRU03SkM0NXNxZTFZV00xVzhETzlJWnQ1aWp6Mkg2LU91Zw?hl=en-US&gl=US&ceid=US%3Aen
The Witcher 3: Wild Hunt – Songs of the Past Preview: Coming Out,,,./read/CBMid0FVX3lxTE1heFQxLW02SkE4XzR0U3NUYnM3WU84RXBqa3ZsYXY0Q2pfbWxRRjUzckRneVFNa09od01nNXhiU2Y4U3dVUlhxY2Jaa1hhZS0yM1NNSGJjOHVxQk9NOHJGall3b3ZkcWE4cGl4M21iS0x3VkRsY0NV?hl=en-US&gl=US&ceid=US%3Aen
The Witcher 3 Price Quietly Increased Ahead of Remaster Release,,,./read/CBMilwFBVV95cUxPc1NOamFXZmN6cWktV1daQlFSRWNMbm1aUFp0MWkyaVNfWldDZTFMM05RVkpNVkQta0ZnWmw1c1pxYklPcGVnWEFxTmpXRHpnWGt2ckZfeGNoNkFUaWlWaGRTVjlMQTFfUGM1MEtmeGVNZEg2OXphZFpqUXFUWWJDR3E0ZXhqbk1ER0lTZ1NnemY0NWtZdVRv?hl=en-US&gl=US&ceid=US%3Aen
'GTA VI' in Miami-Dade County chevron_right,,,./stories/CAAqNggKIjBDQklTSGpvSmMzUnZjbmt0TXpZd1NoRUtEd2pIM3RUd0VSRWhOaGEyZDM3NklTZ0FQAQ?hl=en-US&gl=US&ceid=US%3Aen
Grand Theft Miami-Dade: County pitches ‘Vice City’ marketing deal for video game,,,./read/CBMiiAFBVV95cUxNeW5HaE9feDZRRk9YSGMxNlFrMGpMU25wYUpGOHdSbXhOQ1F2emZMLVZIWWEtbTRPeG82OFREWkVHSkVsUnlvbHpteERLZVgta2pqUmg2cEhyQk9RNzBNWjZVclJCU3c0anpBdW9VZjJLR1dFV3FEdFQxODNqRl9CQUVSb2d0ZlNq0gGIAUFVX3lxTE9pazNwNkVyclJGbEZiMHFTWHplb0Vjby1TX0c0WXA5Y1VXR0w4SXp2b1Q1bmxkTEY0N0QyM0NGbk1TdW5JcmlSbERfaV9qbWxEcTlEM0dFSFNvdXhWN09YSW5iTG56NmtwTFItNURRNWJIVlYwbC1fV0tZS3FfNnY1VzJyUDVWV2M?hl=en-US&gl=US&ceid=US%3Aen
Miami-Dade wants in on hype around GTA 6 release: Here's what the county is proposing,,,./read/CBMixwFBVV95cUxNZ0RGU1lwMlNHaFY0YThienZkZWhRQkU5ejBobGxTeFNQZXJLVEFCQkRaV1ZZWEFramc1MzdTSV90dExRZE9NREpTeFd1c3lmMlJSOEtUa21GZkxXOWdESHo2ZkxxS1l2Tld0YUZzRmtGRndSUk1BM1lYeEJHOUxaX01BMksxQzJJY01GaGpoS3VRSzNQT2NpY0JPd0JNTE1tUmhuS0xpeHZfNVJGWU4yNm12UDFoRURkOU5ORUg2b2YteHhHQmFJ0gHPAUFVX3lxTE53YkJldmtOQTZ3azdtcmlPMWM4NUxycm1tZkZiYVV4NTBYbk01NjB5Y1R2cTI4WFJyblRfZjdCMzRad3VKTW42OGR6ZDJQdEZ5OG8wVHpTQkNSSkVnY25LUDRxNU13VGQ4MTN3VDhJVi1Oby1BZGRPb05CRm9nblZNc044ZFpVZVk1Ty0xM3RrVk01LWNTMzIyRTFfYjVRNTZGektaRlRMenJ3UlBkUXgzRTZMbjJiT082U3dvT2VRdmswZWdiT1IzYmFuVU5qcw?hl=en-US&gl=US&ceid=US%3Aen
How Miami-Dade is looking to turn Grand Theft Auto VI buzz into revenue,,,./read/CBMiugFBVV95cUxOZUFWR0JMcFhER0Y0aTc0Yk9sTEs3UTVWM3NLQmVablVORG0zRDdCbHQydmFpVVAtS0ltbE1wUGdDbTR5cWd6Y2FQc3FsMGVnaVlRazBYV04wSHljQnlZS3RIV1JKeHctbkZua2ZnSlAtWVY1QThUcEJSUmxkZzdRM0Fkb3NhOUVDR3VXTnhtSy10WV9HVXMyRE4zWG9DMjYySWlMSm1LcGstQ2F1am02bWxWaGExWUI5anc?hl=en-US&gl=US&ceid=US%3Aen
"GTA 6 Looks Like Vice City, but It’s Taking a Big Idea From San Andreas",,,./read/CBMifEFVX3lxTFBoNnZHb016QzZabDBURHFKNG1oRE5LMXFaRVl3QVVEaDFFS2c1SmhHWldKVTAtbWx0clJqRm5pa2V5b2NxOVVzMG1LZkc0a1RCc293VG1senFpVUl0WW9CMzdERlRjdkF5STFUeEZvempGemR1SnpsUTc0ejU?hl=en-US&gl=US&ceid=US%3Aen
Google introduces Expert Intelligence for Gemini Notebook chevron_right,,,./stories/CAAqNggKIjBDQklTSGpvSmMzUnZjbmt0TXpZd1NoRUtEd2psNTZudUVSRkNWaUVzMXFadTNpZ0FQAQ?hl=en-US&gl=US&ceid=US%3Aen
Google’s AI note-taking app now allows you to interact with books,,,./read/CBMihwFBVV95cUxQaTVxR3UyU1pIbC1GXy1rRzdnRk04UGt4d18wYl9VVW5MUUdaZDRIQjFraTNzMEJEd0o2cjdBdUJUY0ZGbEJXTWRjb0Q5VE8zZG5EMER5dFR2N29uelU0SUE1NG9fVkJ1anNSSC1kR0pzMDVmdEM1S1RtVkFBcmlLR1lrNnBsd2M?hl=en-US&gl=US&ceid=US%3Aen
Expert Intelligence: a new way for you to engage with trusted content,,,./read/CBMioAFBVV95cUxQOEFlUE5LS1puS3dIdWdyd0pEWEwtVWtNNmhQeV9fMFhCUTdzeThXM0pfWjNjVk4wM3I0RUJmeWRqRFp2eWtienNCMUlIN3BYMmVURFRGbVJFTFRpZ3NFZElFaUcwa3BOdDRRMHFOeVhGQnNWdnpPajBJVXcxMW5teHM2Qmh2NGtITXFzeVpFOTUtZG5pQ0RhOGc3dm1NanF3?hl=en-US&gl=US&ceid=US%3Aen
Google Launches AI Tool to Add Interactivity to E-books,,,./read/CBMi8wFBVV95cUxNWmppY0E2NkJKQTJYUlZnN3FBXzQ4VGJVRmlfbE1kRUFKaUcwV2hKRUozb2toT002RlRndHlTejQ3R1VEdjF0bndmWFhEQ0tQS25mcGRZQVhfYjMyaGR2YXI5SUFldHBOMGttcnlYckpEVTY1WlBUQlJtZlQ4SWtMeS01MzhZY0E3OWp5eDRzTnBwd2pWbmliSG1qdFAwUGZCbVUwS2xmTmRRcExERW55UmFteFliQUxaZEVSSkZfTDdidHRmbWdCRkVPcFZ3V1FDdDZuQmZPRzdXMk1IcEVlVG1ST2NjZWxncXRUbjFVVnhVckU?hl=en-US&gl=US&ceid=US%3Aen
Gemini Notebook Can Now Dig Into eBooks You Bought on Google Play,,,./read/CBMilwFBVV95cUxNYXZuY29ZT1VmOXlWVG1wS3YwSldhTk1zcmJMWFVzak9aV1ZXQXpyVDNfNHBEclZ6OUxGZGJMZTVMakxCSngtYk1JRzhnVVh1c0tkZWVVMkZ2NGpnUVJRN1g4Y29LY2FZcHZpZ3hIQ0NlWFFMRlpYVDJuZTVrNEdvN3JBTHgwUGdfX21HME5NRzQ0MldlYklR?hl=en-US&gl=US&ceid=US%3Aen
Microsoft drops Windows 11 26H2 into Release Preview chevron_right,,,./stories/CAAqNggKIjBDQklTSGpvSmMzUnZjbmt0TXpZd1NoRUtEd2o5ME5EdkVSSGdJX25ZSUZnSWV5Z0FQAQ?hl=en-US&gl=US&ceid=US%3Aen
37 Secret Windows 11 Features Hiding in Plain Sight,,,./read/CBMijAFBVV95cUxQV0cwSVFMQzRXMjcyXy15X2Exc3lhalliRlJ2Y0xYZmNsenoydXlqV3FtdUFQR1U2RXdFWXBadlNKRHZ1LXVaeWZtWDE4ZmFQdHVCSGl5TkRyQ1ZkVnd6RVpSRU02NUhiZ3N0bEdyYkN3R0JnS2lWRmY2c3Vfa2s4RVYxWjZ2M1lKc1dkQg?hl=en-US&gl=US&ceid=US%3Aen
Windows 11 version 26H2 enters final preview phase before general mass rollout begins,,,./read/CBMiogJBVV95cUxQWEpTaEJQTGhfSE5DOFdONlVsVVdJV0YyTUxScE1heVU5bFJKNExoc1J3NGdnVHBlOEV0OTkyMm5FVXlKd2dhczdEdUE2RzJQUjdUVzdHTzNkVENnYV9iVEM3bTgyN0Z1SU8wRHlaNDNkT1U5U3NOUHl1N09lSzJTWXc3bTZPeU10WGZweFk3VXA0Q29qWW5CZnY4YUVNVU5udUc4cnRlX2k5T2Y2S1FCeHFvUEZhOXhscURHbVo1Z1pyTmhNV2RMTlpFeEZvbms1Y1labVNFVHhHVENGa2E5dko4TV9TQVR3TVJucnVVQlFsY2tzd2YxZ25QU0k2cVJrdjhKMEotYnVDc1ZCTW9wUmFDTjUxeTNHOVg5NFR0eVBEZw?hl=en-US&gl=US&ceid=US%3Aen
Hackers target PaperCut print management software chevron_right,,,./stories/CAAqNggKIjBDQklTSGpvSmMzUnZjbmt0TXpZd1NoRUtEd2k1dFk3eEVSSEUydnVpdmhuTUNDZ0FQAQ?hl=en-US&gl=US&ceid=US%3Aen
"PaperCut Zero-Day Exploited in Attacks, Affecting All NG and MF Versions",,,./read/CBMigwFBVV95cUxNdUh4Wk1vamRjZm1HLUUzclAtY3hHS2JLRWxZQUJHSGlpdkYtek9UTUNLTG1vN1lhd1ZTekxsWkxCUlZKUUNOaVB1QWpNWklYdWhZUHoxYm9WX1ZOaXRCY2d4QTNKQXJiZjhnTVNCSkxWMXVSQmJIaTMyX2xrRjZBVzkwOA?hl=en-US&gl=US&ceid=US%3Aen
Attackers Chain Two PaperCut Flaws to Execute Code Without Authentication,,,./read/CBMiggFBVV95cUxNZXRreUpKTUxNai15SmlJYTRnNGQteUtDc3ZqU3R6OWxxa1NZNjBQbE9LTF83MmliXzBEdzZMZVhoRUd6eklUMkJvWmNucWV4N3F5aWE4MXdjcThZcVA4THhPN0NpczlDbk8xVmhXR2R4czUxRXB3MU56NVlhdmltSW5R?hl=en-US&gl=US&ceid=US%3Aen
PaperCut targeted by hackers,,,./read/CBMidkFVX3lxTE8yaUxQdHptei1DUmdrMU9xOXJURmFzSlRhbGJhanNwUkJqOElIRXZhZnB0eTFqQnNPSlNiRmFUUEhIWTBJcFluRmg0RUhlTFdDR2MxUnlBUmVib290SmpJdjNWM2hRVlJEUzFvSWR0Mk5LVTNlYWc?hl=en-US&gl=US&ceid=US%3Aen
PaperCut releases second emergency patch for exploited flaws,,,./read/CBMirAFBVV95cUxPQW5wX19sWG83OE9TTEJ5TXMybS1JbVdXanJiZUhDQlhqMWVLeXdSZ1E5N1lGT0JhVFAxNW5kc2xPcTE0cXNQamRVX1V6YlNKZFdzalltMzFxWW5CLUR5dmxVYlI3eV9RUFhabkQ5T3FodTNEdy1sX1F5c1hwdkJOVHRxZkI5eV9mY19WY2FNeG1OYU82ZDNpcWI5ak5Tb3UzYTFDTmdqNS15dndx0gGyAUFVX3lxTFBPQWpaeWp3aEYzMUNTTG1ObDE2M1ZKd0pEMThiV2lWbHN3a3R0S09NXzNHVFFMdTBJRmpHV0dvVXVsdTlZdWc3OTRXeUhiR3VMUXFic1NPeTN4SkpXZHN0NzExTW9yVnBKcm9GZlptMlpuWkRsZk9OeWptZEkyNHljdm5HbUkxeWlnYWUyUHd0U2hZQTJMMUhYTUNhbzBUTkNYR293UzZ1TWFXejVIb3pjNkE?hl=en-US&gl=US&ceid=US%3Aen
Google pushes organic results further down: Here's everything publishers should know,,,./read/CBMitgFBVV95cUxOVEVKc19RdDBOUk1HalhadnJySU1JUzV4TlI5YVMwVHhZcUhWNlBsUzRBZ0FfTk5vY1ZQaFRLQXV3d0loSkZqQ2hpS0wtZWlPSG9mTW15aWZ0M2ZVQ1YwTF8zZVRSQ0ppcUdWWnJtWkdSbFo3Rm5TeDdmemRzTUtwWjJGbjl1cFdhNXBfTHROSHVhLWowOWFzTkd3Z3BaOEI4NWo2WTFlVkIzQW5DQWdsWUxDTG1sQQ?hl=en-US&gl=US&ceid=US%3Aen
"Google's AI Overviews is going longer, becoming controversial » Iraqi News Agency",,,./read/CBMiogFBVV95cUxNYlpWWTFpSXFFcHhVWXZlbnJVcnRyc2twcFlkTjJlM2J6cThMRXdpb0dlQU02elJmMlByQXN4a29xMTBSd19qd0s1NkNKMF9hRDlneVl4ZjUtOWQ5WFczNmVHZURRZG9uUWFqWG5HS0Y4U3M2VlBaTGFoMV9DQ3hXdXF4aUdjTXNFNnFZYmNTS2lueFZReVNGMTRBTmp1akNzQlE?hl=en-US&gl=US&ceid=US%3Aen
"Total War: Warhammer 40,000 detailed at Gamescom chevron_right",,,./stories/CAAqNggKIjBDQklTSGpvSmMzUnZjbmt0TXpZd1NoRUtEd2p2aE5QcEVSR3REY2JlQzFmTXV5Z0FQAQ?hl=en-US&gl=US&ceid=US%3Aen
"Total War: Warhammer 40,000 is aiming to be the ""definitive"" game for the setting, and I think it might be exactly that",,,./read/CBMifEFVX3lxTE5XRkdxc2pLTFNIcE45cG9zX1prTGpEY2FxQlBac0xRS3V2dFlXelFWSkNQeTRaR1hmQXR0X3UzZkk5RHUyM0l4a0VuTDFKQWlXMXI3VXMzMXUyQ1pPaEVldVhpQ3NjLXFONldOUlAxWUJfMTFReDFkSU4xZWE?hl=en-US&gl=US&ceid=US%3Aen
Total War: Warhammer 40k – The First Hands-On Preview | gamescom 2026,,,./read/CBMimAFBVV95cUxQRFVjbm5RMUJhLUNZcE1DQUlOLTBqU3dBNXIzeUdReFl6d0VSWS1zelJ6Mk01Z0lkYzhSTEpoVDAzaGE0N202azNpY2VkZjlRQ0RST01CWGY3SlFUdk5TZEQzaFVKbnBNMUZ4RVBUbl9PTXg4OEdoZlB5VkpxcTJUb1dmXzVDb2hjTzZNWW5NeGx1a2FhYWZPZw?hl=en-US&gl=US&ceid=US%3Aen
"Total War: Warhammer 40K — ""We Will Expand Continuously Without Numbered Sequels""",,,./read/CBMiuwFBVV95cUxPZHZJUHRDOVAyZUZCTGRYeUJyX0QtTDJ2R0MxTlVTSnhCSzR3QXBzZnpLcEM3blE2ZkJFUjN0c2FrUUdrZnd5dml1ZndfOUV0cE5HNU5ubmVJaWhieFhOd0tZbkdvZkNHTTQ0ckJMNk1weFRDczVXRGY3ZHZXblBTcm01ZC1QbDFkbjR4cjFqUjJnSEJUQ3ppN3ZRdUVBd2ljdFRiTnpfdURXV1hRWWdBdGh2WVVYV0c0WlhF?hl=en-US&gl=US&ceid=US%3Aen
"The Total War: Warhammer 40k campaign is ""the grimdark cherry"" on top of a ""terrifying cake of death""",,,./read/CBMib0FVX3lxTE1sTUlXMTNHRXZPU1lxSjdQUTBxVGRac0txNndBaVlVLTUzYVRPdTV4eXN4S2E4MzVENGUxaUdVT05HUVRGQkxLRnlwcml5SjR2V2MxaF9kZ2ItZDBWQzQyUFNKTm9BeU1rU2czYURNaw?hl=en-US&gl=US&ceid=US%3Aen
Metal Gear Solid Fan Community Makes Unexpected Appearance In Master Collection Vol. 2 Executable,,,./read/CBMi1gFBVV95cUxPWU1JenI3aVFLSFhXRmFuRFpNN2VJbUpoak96MF9rTmJ5bGxhUXRFQi12eVUtTlVUUjhjdHdMNHNGck5iR0VMSzBnOWhuV2tscUJEZW44NEY5U09nTnVHa0hhV29oRW9PWDZLTHVqWGdkTlJFWFZKY2stTDE5VTEydjNwd3djR2Fadi1LLXNiNmRqMHRJUW9xRkZEb3RSUmM1MjRfVVlWcVRaUm5QdnVJWGp5UjlWOW96MG9TYUlZZG9rWndxQU5WbWFqandFM0JMYWtrR3Z3?hl=en-US&gl=US&ceid=US%3Aen
Metal Gear Solid 4: Guns Of The Patriots | Super Replay,,,./read/CBMiowFBVV95cUxPUnFaNUpfUlJRcWtVQWQ5UncyZF9JT3RjMy0wTUJpZ0VzcXFudXpqc1FsZFd6NjJXVlJOZDQwRm1PWXZpMTJqUUkxelVGMTNIZzAycDFvdUI5bEcyUVBPYXZIYWc4QWN3SThXWFhnQUZ1SjNKekppZGlpdnFkSTdMbXdZSjlLUkN5cjdoR25XZXBwVHdpWUJhUmlMdkM5MjBrQVZN?hl=en-US&gl=US&ceid=US%3Aen
MGS Master Collection Vol. 2: 5-Platform Launch [2026],,,./read/CBMihwFBVV95cUxNNEVZbDlvOHh2dm5CQWRweE1QYkMxS0huVDlBNXlSdUwzSXhVUkpGZDZ4b014OTRwOUZ3aWp2T19VWHpDcHVsb3pOSUQtZ1cyUFZBYVU0NzJrNXBVVElVQlVXMjBPVTBQV1NraF9OV25YSFZZMEYxUF94ajk0UFZjVENqS3Z2OXc?hl=en-US&gl=US&ceid=US%3Aen
"METAL GEAR SOLID: MASTER COLLECTION Vol.2 - Metal Gear Solid 4 ""Switch vs Switch 2"" comparison",,,./read/CBMitwFBVV95cUxQQ0VNeTdUQ2c0cTBoelRhT201aDIxTHpuY3YyMTFKSjRTdnM0QXExa0x1TGlWazY2c09aWF9UMXN6MlJqQ2hWRkVhb3B5c1JTeXAyaG9VWEZNY1FxbHhsTWtVeFFUOUFJQTU0Z1NFZ1NXaExQSXZ6YWpwdGVWZjJoZ3huTDRnSU5paWNlOGN0QUJCNkp2TlcyLTg2YVdiNTZYOWswY3cteVUySGNmR0oyZFA1eUdvMjg?hl=en-US&gl=US&ceid=US%3Aen
Rockstar on GTA 6 chevron_right,,,./stories/CAAqNggKIjBDQklTSGpvSmMzUnZjbmt0TXpZd1NoRUtEd2pkbEo3d0VSSHZ3bWlXTWVMNjB5Z0FQAQ?hl=en-US&gl=US&ceid=US%3Aen
"For The First Time In 25+ Years, GTA 6 Will Make Stealing Cars Hard",,,./read/CBMimwFBVV95cUxOUG4tRDRvc1VkTDFleHREeFNoSjBmZjJWSE5oaHlqRmZuRnJWWFpMZTRHMlU0SEdpT3RXdHlMTzNYWWxnTklETmE4NnEzdVJGdmFYZHJSbEVBZmhiM2h0TktUUi14bjNCbEtVRTFvT2p0cnpEVndoeHhMMFBWU2NMMkpnWUZ0WmhrVkhoZ0RUYVQ1VUM2Wm9tdEJKVQ?hl=en-US&gl=US&ceid=US%3Aen
"In GTA 6 You’re Not Just Wanted, You’re Hunted",,,./read/CBMiakFVX3lxTFBMYU8tR19mVlpSbEhOdEp5dFZSeXBpUlNJVTJpLWNYVmszZ2pVTUVkQlJrZEExR0JkR1BlZ3RVdkg0MXBXQWt0M2ZnUmpYRmozS2dSNUdnUy0xV1BONkxzQ1hLX2dzM2Mwc0E?hl=en-US&gl=US&ceid=US%3Aen
You Won't Be Able To Hot-Wire Every Car In GTA 6,,,./read/CBMiiAFBVV95cUxPcmhXN0ozdF9wZl9wVzdWN0h1Y01wczdpazcyUm83Nkc5dEJPRjBDU1R5cEtTZXdZY2NOV0hmQ1l6amVmVmJDZkV2V3V4dkRuUEdCMlJkMkxaRjI5Mk9XS1BBNlRGQmRqUzFVWUQtZ0xjN0JVeHowOFZFU3k3R0lvTUJXamJrUDBY?hl=en-US&gl=US&ceid=US%3Aen
GTA VI’s Realism Might Make It Hard To Kill People,,,./read/CBMiiAFBVV95cUxQLUpPN1NKUGdrUDBuY1Vrb1RUdV85Sk4yNzRoc0xuV2RwMWlwVFlfRmhYSVJhdS1oZXE3NWVLaEI0cDNLZ1hvc0ZOdVFvcUYxWGh6Q0VDSHBSQ1F5R3gzSUZ5dV9hbS1WTnYxTTJvd2sxWGp5dW5PUjJnMXhJUnd0V2ZvTmF3Wk1a?hl=en-US&gl=US&ceid=US%3Aen
Xbox debuts 25th anniversary collection for preorder chevron_right,,,./stories/CAAqNggKIjBDQklTSGpvSmMzUnZjbmt0TXpZd1NoRUtEd2pQdWNfbkVSSDJSQ3Y0cEVwTWZpZ0FQAQ?hl=en-US&gl=US&ceid=US%3Aen
Xbox Anniversary Consoles Sell for Thousands on eBay as Scalpers Cash In on X25,,,./read/CBMirAFBVV95cUxOT3h3MnpfeHV6c01kUmRNSmhsN2Q0dXE5QUM4bTlVaWdhLTdXaWRJejdObXZoSXl1VE4tYy1WRTZ6QmVLaGIzeFhKMndsSVp6MFFGUVl6SGo4cHZEMnI5YmZyS0ItTGhlQ1lJWUJaUHVlR1RZRTdtaVh3UEUzeWF1TXN4dXFnMVFRX1g4WVB4ekUyNVo3Umk2NXl0UzItLTJkdjc3RFQ4eEE0TF90?hl=en-US&gl=US&ceid=US%3Aen
Pre-orders Begin Today for the XBOX 25th Anniversary Collection,,,./read/CBMimwFBVV95cUxNMnVJam1rOWVmMkM5Y3h3d2JlNy1PNHNRVjloWHVLRVdkbmNHdU1McGprMWllYkZuMldHM3E0T3p5ZERtcG9KTUE2d0oyVmZnTFdxYlI4NnJjTHV0SDVnZ0NPY3BmVmQwa1pfbE5PYzFaMXlBMHhqTmlNMHFJTEFscGo0LTVDeDkyOXRXaTJFRVZnS2x2TENjdC1Zb9IBoAFBVV95cUxQNmEzMEltWjd0T2RibnhOX3JUYzE5NnlfNTliWWNDTnJlZXRKWmlWYkV1b2g1Qnh6ZnYtek1rY2NqNFVjVldXRERPX0piX2QzNGRVUGVMV0lVUmJoNHFQR0MwUk1lME9Bd2ZuLTYtamcxRDgwRWZuYXZrX3hDSHU4VkYwV25QRTduVmJST2FybEFFYjdRdEFEVjJlOFJ0NEJY?hl=en-US&gl=US&ceid=US%3Aen
"So much for ""fans"" as Xbox Series X25 sells out in seconds with a good chunk going to horrible scalpers",,,./read/CBMi3AFBVV95cUxPZlpIRHlhTXZhYzhOckVidXNGLXdCOFV4VkpLSzVyTUZlaGktVkpxNkdmMGNHZ0lPdW9HYS1hemxyaEtwUG12MXR4YXRNUjJmNFpteUtZcWZ4SEw5VFp1bDgyMzRtMUp6OGsyazN6cHB3VDdwN1NNWGFYNW03TW5ZRi1aSTIzeXk2Q1JxVTAxQmE3bEJzczRycHNqd1RQVGtYTGNnYnVfTV9teDNnSjlPWWg5d3R0UGRzVGFTVC1EbjQxYko0WExMRW9DSlV4WjVwMU9GZURiM2otbTlW?hl=en-US&gl=US&ceid=US%3Aen
Microsoft’s 25th anniversary Xbox will cost $899,,,./read/CBMiiwFBVV95cUxQNUlNazNOdEFUa3VmRXpMSU1XTHRBUURPOUYzSl9UUzluRmdEYWhFazIzVW0yZkFfM2NTeWpCbllYWEctVFNFVWtxdENrZENTc1pyTExpcW5jWGNYNWJGYTZZUjVVYjJDODNaQVpWbjNPdm1xZFM2YTMwUnItOS1lcXpvOGU1RmZzX3NN?hl=en-US&gl=US&ceid=US%3Aen
Google releases Android 17 QPR2 Beta 4 for Pixel devices chevron_right,,,./stories/CAAqNggKIjBDQklTSGpvSmMzUnZjbmt0TXpZd1NoRUtEd2kyNm96dUVSRXJOd0tMaTJVVFNpZ0FQAQ?hl=en-US&gl=US&ceid=US%3Aen
Android 17 QPR2 Beta 4 rolling out with many Pixel bug fixes,,,./read/CBMicEFVX3lxTE91REdOYk90OVk0OFVES1R6Nm5ma250Nm12R3NNS2ZmYVVRajdCZW5hSHR4YUIxYTc2RWRDb180dE16bWhwN2RSUDF4QlVGVFBuS1FiTVJpX0FWSDR3VDdTTGdCVkxlMmd5UEZSYnJnVEo?hl=en-US&gl=US&ceid=US%3Aen
Here’s everything new in Android 17 QPR2 Beta 4 [Gallery],,,./read/CBMifEFVX3lxTFBfZ2EtRGJiSy1QeTlLSXpsZUdDZGdWekdoSE4yaXVDeVlzT2d3a0hzc01rc3JlNlpZSW1wMjR2SkRsVV9BTDFTMV81aXdrcnFJQ0NyTGlxT3pWV21IVWpaOHNBeEJyaXNkTV9kNDRwNkZYTmZUN0p1ODZ5aFo?hl=en-US&gl=US&ceid=US%3Aen
Google Just Added Status Bar Settings to Android 17,,,./read/CBMilAFBVV95cUxNWXVqSGJiNTB4am1kY3BHZmRCYkt3dVZwMTljenZ6ZS0takxaWmtOLUppbFBLaGVBY1VKMzdRZXpFYlpuUDNxcDRlMk0yTVNuZE1wX1k0VUVYV1Jfdy03ME9Fa0hnSHdsYVhNazNCb0I0NWI1b2FrVnItMmFKSmdPblBDX0ZvWlc5dzlvdnZLeGJ3dEhQ?hl=en-US&gl=US&ceid=US%3Aen
Android 17's December update will finally let you hide those cluttered status bar icons,,,./read/CBMikwFBVV95cUxNN3pVbVgxZjhHVVdGMC1HM05VV081M0lwNTljOWFpNkVsa3FQa29PZFNvVFlKLWdPMlRCcEUyYXdieEhOZ2p2TXk5MENMM0NFRkY2cjRvSEEzdUgyVG1Ba3c2bXQ5RThwR1NJWFFkdzhGTkF4ald3OXRYX1kwdzlqSW5LbllYaC1KRl9CRzUycXdqakU?hl=en-US&gl=US&ceid=US%3Aen
Leaked renders show new design for Samsung Galaxy S27 Ultra chevron_right,,,./stories/CAAqNggKIjBDQklTSGpvSmMzUnZjbmt0TXpZd1NoRUtEd2pnanFMdEVSRk1BUVZHNVV3bURpZ0FQAQ?hl=en-US&gl=US&ceid=US%3Aen
"Samsung doesn't care about the Galaxy S27, and the leaked renders prove it",,,./read/CBMihAFBVV95cUxQZjIxYmlETmNxWkg3RUQ4SDNEcVQ1OExtQWV1NWRURFVCZ19IVjgzMzB4c1FLMmNHbm1sU2UzcF9vNXl2S3hHVDNpOHlxZ0hLakZhRjZBajFZR0I5ZTdSemdTUjQwdXI2MVhOeTR6MGxEUVpXUUZoOXQtejRJNnhhekxlVWM?hl=en-US&gl=US&ceid=US%3Aen
Exclusive: Samsung Galaxy S27 Ultra official CAD Renders Leak,,,./read/CBMiaEFVX3lxTE4zS2lLaFlZUXMwNHl4S3o0TWF1UjE4UThUdVFqUmZId1JFNjR4Wm1HU2REUV9HNk9ONUpDZlpRdF9XYnhCR0U0eXVqUEJ3aEt0WU9yUUo5cWtqbHRITGhsVHdGYVYxd1Vt?hl=en-US&gl=US&ceid=US%3Aen
Galaxy S27 Release Date: Images Confirm Four New Samsung Phones,,,./read/CBMiuwFBVV95cUxOZFVadmgxZDdZYzdZUklhTzdIUUFnMDJzYkZfc3dwVWtPYm5KVHdzWEJEUkNJZ211Q0FnYXpxOXdLaldsSm5ZMFRncHZYbnZpZEg1ZnRlaEk0SldUbE9LbUN4SmEzOUMtSWR5d1pEbjF3aklVQmViRFhXSWxCa1JjclV5UFRzWTB3cjlOOG5fNFhlM3JJbXFISkg0eFFFa2Y2RjZ2b1dLMDc3VVd6MXZOMTFjQ2paVmc0THhv?hl=en-US&gl=US&ceid=US%3Aen
"Another Galaxy S27 Ultra design change leak, and this time, it's good news",,,./read/CBMisgFBVV95cUxNMXIxMXlGUlo4R2RPZW0zeDBzSVdtcTZPN2czMFN0ZlRzQ2laMlU1el9jNlpZdHExQnV0X3BlRWIwT0RIRlExVGd5Y1FrUzhUNUtYeVZwdm1FTEdtYjJwY242amg4dXNSdV9saF9WX3ZtNUpwVHR0aEpRdEFxTkZTVWd1VGRMUHJhcU9yTVlmRWFiNGQxTkRCR3EzZk9CcFR3TEF2Q1hZQ01ieWNITVc2MEJn?hl=en-US&gl=US&ceid=US%3Aen
Molleindustria's Steam sex scene chevron_right,,,./stories/CAAqNggKIjBDQklTSGpvSmMzUnZjbmt0TXpZd1NoRUtEd2lKeUpyeEVSSG5CZnJWVXdlR1ZDZ0FQAQ?hl=en-US&gl=US&ceid=US%3Aen
Dev Calls Steam Branding His Adventure Game Porn 'Humiliating',,,./read/CBMi8AFBVV95cUxNXzhHcG5CczN2Vm5xY1E1RGRIVl93TXUzbUpCSjF0cXBIMEZNcTBLYUxfeVZXUzJuU2hNRkxqMUtrVnZZWE40dU9KWmt1azhoWXh3d1g5TC1qU2VmQ2lpNWtlZWhkZUlPN3RWSGhPOXc2MHRjREpBbnBwQzhZcS1IMXVGeG1wWk9pcVR4OEQ1UkNHY1RsNXNYa3RlcUxXdFR4bmRhd2paeEVSR3pyWGpmaUFvTWhzdDh3d1VpSmRBaVI3TUZ0eXlRUjJHWDFodW5uQ0FGTzRQakRERExWcUtUWHdlUU45NkhIZW5xZzZ1VU0?hl=en-US&gl=US&ceid=US%3Aen
Steam Pornography Label on Teen Game: Dev Pleads for Help,,,./read/CBMibEFVX3lxTE12dHN0UU1SNm5vTUZKaUxJN1UxaWFMZHVkcFBZNWxEN0JONDg0cjY0RmdoX19KaEhNZFcwX3JLdjBKVmpMZzJlclRPa2h1YlNzdW84enBFMThpNWpiNk8zY3dxbksteXBtcUhUaA?hl=en-US&gl=US&ceid=US%3Aen
"""This has been the most humiliating and surreal experience in 20+ years of game making"": Dev pleads with Valve as Steam brands his PEGI 12 game as pornography",,,./read/CBMilwJBVV95cUxQd2FBckFBRzFpdk44SFlUcTBVTEVDT3FXTmp1TjRuY1JNbU1fV0xkR2dTUWptS2tnTWNHdTJROTNyZGo1WG9OM3JrR1JqTkx6WXRSR21rc1RMT2Rvb2U0LWpMRnVSSDMxb19VY3VJRkhhZUZtYWx1a09nZmJuWHRKVTNkTlE0OXV2U0tuN1c4TWlCWnNOYllRWENveW14dmpvRnRwVm1NZktJTWZWY2pCeEI2S19saU85c29zUXRnaVdnQmFPbUg1NXlFY09pSENjOU1US0ZiakZKYWQ1bUJhN2xtbWthR0owZkt2RHVEOEFVSDRyWFVENTV4SVNMM2VQRURDMWlUZEQyaE1BM2FyTTBGby03cE0?hl=en-US&gl=US&ceid=US%3Aen
Indie Developer Calls Valve a Monopolist and Criticizes Adult Content Moderation Policy,,,./read/CBMi3wFBVV95cUxOczIzV0J6WVJyVkRtcXlXeHM4T2stOTVjSktWTFpvSVhWMDhEWWl4c3lnSU4tS1FVWldUd2FLNU5OS1VSa1E4V3U5MzcybkNPRzJxNzIxSlU0ZFFvbUV1ZGhYQXZFa0dpYzQtemFYX0RmUjRNMWZoeG90cEJGNDdJSDVKY2dzWnJ1aW8zQk1pcnpnZHEzb1RUaWJOemdSRGp5NWNvWHlwdWJfZDgwVmktNFhiOW5YVm9Sb0pSNjYxUmI3Q0VqZElJaXhlR0tPN29jMGhxbHpROXc0N1RBV05B0gHkAUFVX3lxTE1rOXgzYmtfS3RsaWhTbXVBaEF5WE9YSUtpQ05IODVwRVVETHZZV3d0cE1PLTloZEN5VzdObkRuZ0k0bE5zNjJpaUY5UnhxUDMtNno1REpzN2tsV3F2bldnYUxEbFlrWWlzenZWUTRWcjdWLXktTFRaR3NYSUFKUm90czk2R2xvRWRSU3FhaFoxRlUxWElNUjBqMGxHdzZyaHBSbllNN05Raml0ZmlEbXFqUm9FSnRCYmZTa2pqUk1taFpSNjJDN3V6NEw2cDdveHRxZDVIcHQ2ckF4Qkk0SkVMbHpsag?hl=en-US&gl=US&ceid=US%3Aen
"Fatal Fury: City of the Wolves is free to play for the weekend though only on one platform, Standard Edition on sale for just $10",,,./read/CBMickFVX3lxTE40NVI2QTJ1OUhKSDl4RjRWRzg3SUZrZEJzZ2hrYXNVd2Y1VkZzN1N0RmtiMm5KOXQ3eE10UzNFbzN5MkJLdW9fa2YxS0cyRVJacS1ZaF84LVpseC1HbjVoMjhadXQtLXFjWnAtZFRhNC1iUQ?hl=en-US&gl=US&ceid=US%3Aen
Free Play Days: Try These Xbox Games For Free (August 27-30),,,./read/CBMimwFBVV95cUxPT1pHOHd2MFQtMkplZ1MtUTA0QU0tb1NTQ0JUQzk3VHB5MENKbEZWY241Z3pBNzdOVnFvS0V4UWZaQXhjZHl5SjY5cHdGRjl0dWZVcFh6SUVscExPcDh3aXlobjNCN0FhOWZsdTNxMmdiMEJVSk5Dd296MHRETG9HRjd4VTM1eS1UVkZiVEJmUUFRbEVxQVlnRE1wZw?hl=en-US&gl=US&ceid=US%3Aen
Xbox gamers can play five new games for free including AAA hit,,,./read/CBMilgFBVV95cUxNTU1uQm1rTzE5LWpmT29PUlA2bW5GSXBPRk9TSTJxUGFNQ0JIMEtLNGlOcnBQM01NM01PUjBrYWNkRDc5elhaRERna1lFcmY1V1ZaM2xTanN3SENDOWhZelV1NUhxOUpwekJmYk41M0p3NjVaQTFPLXpCVWNVZ1lFOGN5cHBmeDllQnZ6ZDJUYlYtWkFfSmc?hl=en-US&gl=US&ceid=US%3Aen
GTA 6 launch chevron_right,,,./stories/CAAqNggKIjBDQklTSGpvSmMzUnZjbmt0TXpZd1NoRUtEd2lrX2JMeEVSR0dHZXlsM21aSDNTZ0FQAQ?hl=en-US&gl=US&ceid=US%3Aen
"Rockstar says GTA 6 runs at 30 FPS, while it's reportedly unsure about a 60 FPS performance mode",,,./read/CBMib0FVX3lxTFAycE4yb2FXaG9UR1VEeUEzamVhYWlIcVQxTFRTUkt1OTlhWFFQV1BhZmh6Wk1qdTJoTnlZSWhRZHhxOE1oQXVoVkdLUGUyMkVkUzJ0US1ldVBkNlBYdzZhWGZQdmxMemRfckU0SURTZw?hl=en-US&gl=US&ceid=US%3Aen
"Grand Theft Auto 6 will run at only 30 FPS on consoles at launch, no performance mode promised — even the souped-up PS5 Pro might not get 60 FPS support",,,./read/CBMimgJBVV95cUxNd0NDRjJJTWJUM0RrMzJmWmdzYk1RWFpGdUJKREgtaFBYVWhLRkFtb3hXME9qZklBa2w0Q1ZUTWgyMW5COXhWZ1NPSHhnTmhLU0dqdDNQTThmdi1SQzdGWVhNaHkwZTNVY3IwcWs2MVRMTWlDcUoxbnNvb2NoREZmT2hodjl1eG9Sd0Z1a2FBR1E3QzhneVFPQzFnSjdEOXpEbVI0clVyYldiemxOQnFlRENmQ0ZxSGQzNm9PSjFIWkdtZlh4clo0a3pJaXRCMnZvak93QUhlNVJsOE1mYUEwUlpvOC1vaEZWVDJrS3Bnem9WdmxOMzkxNGhGU0lXcWVHY0dsMUNRcEx3X2dlbDd2a3dBdGhmN2xmMVE?hl=en-US&gl=US&ceid=US%3Aen
"Here's the Best Console to Buy for GTA 6, If You Don't Already Have One",,,./read/CBMiiAFBVV95cUxPS3ZlQzNTbmhvaEJscHpVeXpKOGRuUjgyRzZ2bi1oS19KWFN5cjRsS25wV0N5MzJKWWV0UWRadXBYeHBmdURJMWhlWTRMQUNCTFlSc3U5NWNFOVNiWmpsOTJHQV9pS2ZrV1VQcS1WN29VLUZvMTVLRGpRMmFjTUlsNk1XY1Q3dkY0?hl=en-US&gl=US&ceid=US%3Aen
84 Switch 1 & 2 Games To Check Out In Nintendo's Blockbuster eShop Sale (US),,,./read/CBMisAFBVV95cUxNaGJpN0VITDloTXFSU2s3NWZnZnd0QXptdkN1TnNUUGtCc2hwc0swUWNkaGEtdnotcjR2UlF3VHJzSHZlU3phOENhaGZjZ2hGbjgxUF9HY2Y2blJmNUJZZ1JjVzRMMjB3c3BNY2NvMkJ6YTFzUDhXZTZiNHlUOWY3eUM2MmNFWFdlZ09VYXphYmk0MUxVQ0dtV0dmSEUyZU1EZHdhZVFmZ0FBblJiTTd1Zw?hl=en-US&gl=US&ceid=US%3Aen
Blockbuster Sale: Save big on select digital games!,,,./read/CBMikAFBVV95cUxQNGU4VWlFNlljb3o0ZHdtT1FlbVQ3M2ZfVlBZcXhEM0RmdVZMdjhiN3VIV1EzSUtuMXV2aUdBd2lOWVBza0ZfVHF0QXd2Z2R0SnVieS02QnI0MTMzT18zVk5GcjUxZi03Ui1QajhhOG5NZ1VGVXRYUERpMTQ1V3kzRVFFbzBGbE1LS19VOUlnWVk?hl=en-US&gl=US&ceid=US%3Aen
SEGA Publisher Sale Is Live On Steam,,,./read/CBMic0FVX3lxTE1UQUdrbURSRF9QbHpGQzJLakJCSk5DM1U0eG9GakFBdGRiNUNqdF9yNXBlMFNaa04zd2JuY1MxbjFveVg4VkNkNzBPM1lwZE1nX1haY3YwT0VWM1VfU0FtUWYydFVSX3VSZklNel9EUG5xcjA?hl=en-US&gl=US&ceid=US%3Aen
US: Blockbuster Sale is now live on Nintendo eShop,,,./read/CBMikgFBVV95cUxNeUhQYnRpeHhNcE1TQnBia01yYWh3QUoxRkF5UWswbVpIbjJYQnI1NFlmMVZ1cWlDQ0JVRzFWajVIX1FDLVpMYnVnY2NmaFZENTZKOUViUHIyWEJ3LWVYZl9xWllpd0gyeGZOZlBPSWM4Y2NHQTVfQmk2Y3l0UlhYeHBGbDFwU0ZKZkF1cVdGNml2Zw?hl=en-US&gl=US&ceid=US%3Aen
Sony Bravia 9 II TV review chevron_right,,,./stories/CAAqNggKIjBDQklTSGpvSmMzUnZjbmt0TXpZd1NoRUtEd2o4clpMeUVSR0J4eWdxS3RKdVFTZ0FQAQ?hl=en-US&gl=US&ceid=US%3Aen
"Sony Bravia 9 II TV Review: The Best RGB LED TV I’ve Tested, but Here’s What to Buy Instead",,,./read/CBMifEFVX3lxTE9telY1bWstb2oxaWhidWNQN1NBV3BtZHBJUHpVcHVaRGlmai1lX29Ccm1aSE5odlVqbmhyVnBfLVJKNlMtMkNsejNQa3FMX0tDRzRxYWZXTkNyZElvN2piQWNSOUo2UkhHZlAtb2NIeTQ5RmlFdDRxTk1tZHI?hl=en-US&gl=US&ceid=US%3Aen
Sony’s Bravia 7 II Is a FantAstic TV for Movies and PS5 Gaming—So Long as Your Room Isn't Too Bright,,,./read/CBMikgFBVV95cUxNbTh4dHB5LUNieWNjYkZxMFYzRHBua0VHR29uTEVtTnEzRXNEVWtVd0UzdEJsUlRFb0d6WHgyNVNLTFZGdExIaFNMM2t2U0NGbDROaHFoR0NHQkNfTGd0WFdXWVdORnJkR2NRY3o0eXE4Z0NMYTVFZ3Vtd25ZYWVMckx3NEVNanhjeS1yU0NsRGtWdw?hl=en-US&gl=US&ceid=US%3Aen
Sony BRAVIA 9 II Review: One of the best HDR TVs I’ve tested,,,./read/CBMipAFBVV95cUxQWE5ZWXIyS3FCTmcydTFzTlZFaEJ1X0s0bUFqalF4SUdZYlFXX0ZzVzcxM0lSWlROUElnamNpLUQ1bDh6VmxzeThhN2JCRGFXTk5Qd3VlZHlEQWxqNmt3bFY5eVJMS1lNTUJkNEFoX0hWWG4waGxnaFVkektpM213RkNZYXQtY1JYaDl0TWppRUpJMmRuUjBlc2RuRzVMaUtrVHVobg?hl=en-US&gl=US&ceid=US%3Aen
7You reviews Sony Bravia 7 II TV: Crystal clear colour with a close-to-life finish,,,./read/CBMiwAFBVV95cUxObHk1clF5eGt5N1JNS1dmTnJQbXI5ZDlyN0xaQkdEY2lZZHpIVVNsUzlidE0xbWNhamRUaHpBNmRtaVBTZ3BFZXRwWG9HNWZ1QTNSbFpvbDJKYjlaaWdfVkh3MnNWTXZEdnRSeEdyOGVYc1MwTG1TVFRnd3k4RHdFUE0zUVNtSXc1UXhYTDJYeDRQd1dtaUJ5Z3g1RENvN0oxZzk2QXRtb1g2SzNzcnpMT2hGbG1WZkJia093dVNab2_SAcYBQVVfeXFMUEZVaHRPdVB4R0dqOFlsbVJfY1J5YUNWbkRYV2RzcEltb0dqWURuT3FmX2FfVlJoa1JOdm12M0RwMGo4dzZIclQ2UVBsb0Y0em1oVi14a3BZZWFibXl2elZ4OVJVUm1lc0ttNy1lMTVKb0dQMmh3Y3kxZ2N1aEh5NVNlQk5wdjhFMEgyQWVoODBsSmlvQ09tNk40bmt4UXhBejJHaE0zZ2V6cXRubldEZnkyTzhjUlc5RWhPdDNDMnE5ZjFHVlNB?hl=en-US&gl=US&ceid=US%3Aen
Ubisoft's Rainbow Six Tactics chevron_right,,,./stories/CAAqNggKIjBDQklTSGpvSmMzUnZjbmt0TXpZd1NoRUtEd2lmNjlQdkVSSFFwNDFTRF91VTFTZ0FQAQ?hl=en-US&gl=US&ceid=US%3Aen
Turn-Based-Tactics Fans Are Suddenly Eating Very Well,,,./read/CBMikgFBVV95cUxQUFd5MmotRm1LblVJYXd4T0hyb3JGTWVMakRZLWVaR3I3eUZJc1A4RnlLQXZBT0NqWlUtcTJ6dDg2SUVfZ1FRV3JySjFUakRvWE8wd1d5TzVoMkI0ZmdYWjBRU1RRa2w5eVoxUk1HZ19xSzhuOWRWeTZuT2hEb1RKbEpWaHhaVjV2RElTdEtxSm9lZw?hl=en-US&gl=US&ceid=US%3Aen
Community Dev Blog - Closed Test: Sign-Ups Are Open!,,,./read/CBMimgFBVV95cUxNbWptTl9nbjRXVE5ELThiZFF5SHF4N2UxSk1TQjd1QUlCTlluOWFtRHhPSzB1TzFuTmhzQy1EWk9XWjRrcFFidTNOM0FCeEU4SW5DTUFFYnNsby1Rbk1BSURfMU1fRHh0VFhMTHVkeWp1NUt3NWNGd3hBanRSMkE4SXE0dmNobnRmMTdqaEdmWGtYSzFSSnpSSk93?hl=en-US&gl=US&ceid=US%3Aen
Rainbow Six Tactics Revealed: Building a Turn-Based Tactical Experience,,,./read/CBMirwFBVV95cUxOZzkySlRqdVBmZWpOWlBKUlpuT1BTTjJSelFKTjhydXZpUkVkdEpjMTdQZmV2SFpKdVpldU14X0hWRkwtRlcyZmw1dUlJSk1uNmVSVmNELUdSRGpULUROZzZzVC1TVURTMktLS1dFbkRqRG1CaERFN1BLdGQ4emd3ekxqYnh5Umxod3BIdURzckdLR2lxTUl2QWhyRjVBajhEajdQM1d0SkJyQ09VdVdF0gG0AUFVX3lxTE1QeVNYRHdtRFVzVkRCNm9yc3JGeDExZUVySmVCbXJuMG5MRlBuNHZOaTl6SzhQRnRHR1FicmtDWW9YYnBGOVR0c1hmU1gxNnQxMHViRlJXRjRRZC1ubkl5SXdjdzZVSC1NZl9xMFBsMmVDUzFjM0hybWE2cnRySmg2MGxnZXZfYXhYMGFkU0xGVWtueVNWWDZrRlRQX0hyck94ZkNvd3ZyNEpMQThCOWlSNHJhTA?hl=en-US&gl=US&ceid=US%3Aen
"Rainbow Six Tactics game director says players are 'strongly incentivized' to be non-lethal in some missions to gain intel, but 'No, you cannot do the game 100% without killing'",,,./read/CBMikAFBVV95cUxOM3hEd2piLW1DZXo3Rk96WHVlQ0Q1Yy1yQjlSbUMyTnFfay1PdEhGNkpuVmRxLUZYeEFlbm5xbkhWU0FEeTJKYWZ0eUE2clROX2hidHNtcFFSWFhMbDgwNkhZUnBVTWdxV3VsV3FaZVVTd3ZsMHhZbFhqN3YwZmZValg2QzlRekctTnNNdUdGQUo?hl=en-US&gl=US&ceid=US%3Aen
Resonance: A Plague Tale Legacy released on PC and consoles chevron_right,,,./stories/CAAqNggKIjBDQklTSGpvSmMzUnZjbmt0TXpZd1NoRUtEd2pqMUt2d0VSSE9PVUFXeHlLaXR5Z0FQAQ?hl=en-US&gl=US&ceid=US%3Aen
Resonance: A Plague Tale Legacy's Game Director and Star on Why Sophia Is So Special and Why This Prequel Let the Team 'Get Some Fresh Air' | gamescom 2026,,,./read/CBMiigJBVV95cUxNQ0ZpWU91V0lsTmI5Vy1ZdDVTbFlKd3M4X1U2WWw2V0tianA3dnpqNGJQOTdFYU9tS3Z6eDFacC1ENF9aY0JubWEwd0ZaUjkwaVhNa0JreWpTang1WHh2d2lqLWdXZVlOMHViczFHVTlsMHE3T0VWc1FrWXZMZkxibmZzX2VobFk2bjFmay1BZ1c5WnZJUlJFclVaYU9nSG1PRDVRYnNRcEZhdEJITC1yT01ZYTRVSHREMzVQRDB6TXRqNVVyZGNyRDlxZDJQaU9aTENwUnNzakdMOVhNMDJJOExGMmotN3c5ZFlLSzgyYjhEM0IxWmw3Smk2TnkyOVVWYUdEQUNZRmRUUQ?hl=en-US&gl=US&ceid=US%3Aen
Resonance: A Plague Tale Legacy review – picture-postcard retelling of haunting Minoan myth | Games,,,./read/CBMiiwFBVV95cUxPMEdZZUFFZ3NEOEplc1drVXF3VGhBUENLMDFmbFFnMXFXa2R1bzNRVTVfb2VOY2pXVWt4YUh0Nlo1TGhUQmluOWJfNlFpV1BGRi10enVlQ1JHVTB3cWQ4NURCSjlGZnplSnNPRzZCcktmdURxZzNkSEp6YmpUT3dKYms4VzBaaDM5VWY4?hl=en-US&gl=US&ceid=US%3Aen
Resonance: A Plague Tale Legacy Review: She’s Going To Be King Of,,,./read/CBMioAFBVV95cUxNNlFCMElvTXpUMDhOUmk3YTFNQVdtTU9TaWUyYlpLVzNoV3l6ZWduN2M5Y0o0eGE2cHdiM2JPb01mdkhDS3FheDFGbWxUcUR5MllsT2toMHhmZWo2bFpKVHM0RlcycV95ZVdxZ3djTlFDUnVmUmJCWXFzOWtEOXlSWWc3TDVxejBwNVVmdUdDemJpRjVaOHJSVHFuTTQ4Z1VE?hl=en-US&gl=US&ceid=US%3Aen
SpaceX Petitions FCC to Block Viasat Satellite Over Starlink Interference Risk,,,./read/CBMiogFBVV95cUxNcHNQZ1RrbGNCQWVFM1EzYlpqY3l3dzVicHFZN2MySnhwTDhMSFdQX0ZsUXRCZ3VualBaYmNoUU9JdUZKLTdJOE1nU2dOUmV5N25ZZENyUjVoY2FLaDBudk9sY2FvX2J0Y05Nby0zWjZZVkc4OUFTMi1MUXAtdGFMbU5QLUI4RTRUeHFhd1NaUFdaZWhpaEl2aTNiS3F1QnVTbkE?hl=en-US&gl=US&ceid=US%3Aen
Square Enix adds loremaster for Kingdom Hearts series chevron_right,,,./stories/CAAqNggKIjBDQklTSGpvSmMzUnZjbmt0TXpZd1NoRUtEd2lsMkpEeUVSSDZqdEl6QTNLVVlTZ0FQAQ?hl=en-US&gl=US&ceid=US%3Aen
'Explaining the Scenarios Each Time Has Become Quite Difficult' — Kingdom Hearts' Story Has Gotten So Complex That Tetsuya Nomura Says Square Enix Hired a Loremaster to Keep the Plot Cohesive,,,./read/CBMi6AFBVV95cUxPek42VGM3UVYxN3EzM3ZkSkdjLTRZQlZDNnBiX3ZrS0pGUVpWb3FvOFNWaHdHVnktZ3l2bXhVbS14Vk1jZm1nVGVad2dPY2ZGMkNIMVl4NFhaWGs0ZER4MTFEM0U1NkpCT2FfMGU0QXktY3psUUh6R0kzNmpoTXJtZE1Za2pHM3hpZXRMeHZYWmRzc1dlY2E3alRZMTRpbFdJSTc0TlpjQzh5Qnlfb04xeHRHVVVGTzRJbkpQbjV5eDY4am1DVndDU2RGU19iVjlOb0Z0c3FCLWZWVnNqV0pOZks2VUFMTFhk?hl=en-US&gl=US&ceid=US%3Aen
Square Enix Hired a Kingdom Hearts Loremaster to Make Sense of its Complex Story,,,./read/CBMitAFBVV95cUxNd3pPUnNIaXI2RWZqMVN0bl9FVm95Q00zWXF3V09GenQ0OVVmazl0YTVyRnlrNjdTLUM4aWUyLVlVR1dkRDI4Yi1fS1JzVFpROXU0SmRSVjBGd3NfT2xCdkhxNWowWXltNGJOMkw2U1BvRkhwSEs0WE5yOU9zbGtmOUZMdE9fNG5pZDlOcUdvOVZlSGhkRGVqNjFpOW1ZS1Q4LTZ5UzBwUnhLRmlfRjBfcS1LaC0?hl=en-US&gl=US&ceid=US%3Aen
Square Enix has a Kingdom Hearts loremaster due to the complexity of the series,,,./read/CBMiuAFBVV95cUxPSkxVQzRyVW43MVpselFHX2J1ekNVeHFUUlRka2hjanV2TmNVdGhjTTJ6NFUydUxiWGp6bm8yM2c3TllqUmxzYjA2Q1c4bHAxYWEtdEkyWGdYNEY1NGpIRHd2RjUwZ0dOaTFHRUcyNXZVRXNUS2ZYMjVTMzhmcUJKY05HZHpLV1p1ckJkcGVwbTF1VHc4V0Q2cV9IWnplLXZrbS1fTGxZazk0cE9xTjdtVGVkZkk5RlJE?hl=en-US&gl=US&ceid=US%3Aen
Square Enix reportedly hired a loremaster to keep Kingdom Hearts’ plot coherent,,,./read/CBMivAFBVV95cUxPS05TcTcxeFo0Skw2YUhzQVN6Uk1EWE5pWU4zeVpWM0FPY1h1MjlKQVVaWS1QOHdPRnc3bm1HdjVuZzFFZmlNM3FLMWROVFNwaktJSkhzMHppQmpoQXNjRjZadFdOWWk4eWNrcEw4YVBlSWRPMURUc0NjS2RlOE9jR1M4NXJSNWRpdDRYQnUtSlVFanR2SFdfZThMMUYyWEduMzc3RnotMTJDUTVZUENJSTRNSVFqWVpnaTdOcQ?hl=en-US&gl=US&ceid=US%3Aen
The Funniest Posts From Women This Week (Aug. 22-28),,,./read/CBMiqwFBVV95cUxOeURkZ1hzaldEdkhrSWJnRi0yb01hVmF5TnpoZ0VaOUNxelpIcTl3ZXZQVnh6aVkzenlsaWVINUdJalpEV3NMTkdXYVYzcExzN25sV0VqY2ozN25jWG9nUElpbURnSzl0OC1EdUktZkM1T2RtRWZqX1FiRk1SSXVTTWxYLVNOOHByRGhEOHJQZ09oSWVKcjJtOUx4VC1LRHMzTUZhRVplWVVHYXfSAbABQVVfeXFMT3pxdW9ESm56QlZ5cEI5YWpIa0xzNFRVQnpSNWk1Tm9YODN6NlQ1SUJudGVKM1dMeHZtUDN1dEpJTmNyRkZWYWJodGhqR2VieWIzbXBQZnFXQUQ4Ylg5N24wQ2ZIRVZSZENMRlpoUkxJRFlOV0lFWTdrdkE2TGw1UzdZUWU3NXBJd0lzcXlZV3NNVFJsVWl1MmJTVGFTVWcxOXU5ZTA2SXdTbDJlQUNxaE0?hl=en-US&gl=US&ceid=US%3Aen
New features and updates revealed for NBA 2K27 chevron_right,,,./stories/CAAqNggKIjBDQklTSGpvSmMzUnZjbmt0TXpZd1NoRUtEd2lJeU5YeEVSSEFoWGFYdkFja1pTZ0FQAQ?hl=en-US&gl=US&ceid=US%3Aen
NBA 2K27 Review So Far,,,./read/CBMiV0FVX3lxTFBmMW5pdU9DdFhKNkVzZmhZSTJydUJKcUxQaFRDeUpSUEx3VEdBUEs0eXJTR2kxb3pnNVYtV1ZTUGR6SjB3MDVBWFQ0RHE0VVhmYlRUTk05cw?hl=en-US&gl=US&ceid=US%3Aen
Critics Are Split on NBA 2K27’s Buzziest New Mode — Here’s What the First Reviews Say,,,./read/CBMickFVX3lxTE5DN0JDbGFiLWkweTgydEt6RFlma0JzSVJ4NTJCTnNvVTBXU1g4cnRhSDNMbnU3OC1FTFFXa1BwbTc5LWpCTTFVUUlBd1ZPZUFYd0dkS2Vzc21kVUFSRjltc25GX3kwOWZJWG1hQVdCNFpMZw?hl=en-US&gl=US&ceid=US%3Aen
"NBA 2K27 Drops Season 1 Gameplay Video Featuring Wemby and Olivia Miles, Full Details Revealed",,,./read/CBMi1AFBVV95cUxPZnVvcWhrZUpwSlNZWEcxOXVsbEdNMGh0a3pqczQ4SURPV0dKU2l0NzV0MVZpLXNRemhGZ25Vd1NBR01lcmRjZjU4aExVOFIwbUtvcmxmaVVNTm9BSlNvUDZLbWFsR3EtdlptZGtZYzBsVEhEdll6dENEdzdMUEphdjctV0FSTzZrSEdfbVdISmJ2eGZHeEV0cXVTbmlfR3k0TDMxY1NCc1d2Ykdja21UMDg3eEZJMlNmTks5WE5ESVY0bVV6aHI0RFY5emJaSThNcWcxUg?hl=en-US&gl=US&ceid=US%3Aen
All NBA 2K27 WNBA Ratings and MyWNBA Guide,,,./read/CBMijgFBVV95cUxPQjBaemtoSFVvc3hmUVRmYmg3WUdMRXlrWU5nVTVNb2lTMU9kQWtzU2s0SElWNzhYMjBzb0NNdE1sd0RSbTZvV2NGeVJiSzhHcnBvQTlJcXNGUmFhSEV0U1BWcWkzV3ZqNzdzWFY4SFVCV3B1QUtkRUFER2ZMQjR5eTR0MHJYYlpXbTBiVG9B?hl=en-US&gl=US&ceid=US%3Aen
GTA VI launch chevron_right,,,./stories/CAAqNggKIjBDQklTSGpvSmMzUnZjbmt0TXpZd1NoRUtEd2pILUpMeUVSSDQ0WmpUdmVBdjlDZ0FQAQ?hl=en-US&gl=US&ceid=US%3Aen
‘Grand Theft Auto VI’ Release Is Going to Cause a Work Blackout,,,./read/CBMisAFBVV95cUxOOUpMd01faTRwZnNIWWppa0d3bVJNdXB0UmtkQTZxVUdlTXNuOEtMcHNGVnkwUTZMTXc0UlluVVdnbV8waGlXNklJOXZicFFVVWI2ZEVOVHphNWo3cTVVd3paWGh6OGNmd1FpUDYza215T0ZlYjZoSDVfdDJhUmE0anpYVHBCdWJSenBJYTR0RlBZQktaUHBXcXJ3RE9aWlo4UTVZVU1hSkVDalY1YnotXw?hl=en-US&gl=US&ceid=US%3Aen
GTA 6 Launch Could Cost the US Economy Over $1 Billion,,,./read/CBMihwFBVV95cUxPQlJ5MjhDVzAza0Jxa0tMTjFDdnFtX2ZGTDZXREkwUnZvVl9OSHhZZGtUNzVBUGZhdG9EalJIVjVGOFpWcGYzRTBlX1FWakI0eVA4TEgxVkE3NVZ0ZnkxTGJ4LVVrOXRiMEpKSG8wcm9wajRhUHcwV29nWnlFMV9HUVdUVXVUb3M?hl=en-US&gl=US&ceid=US%3Aen
Specialist outlets estimate GTA VI absenteeism could cost the US a billion dollars,,,./read/CBMiuwFBVV95cUxObFo0b3RZYV9iMUdYTEJiYlBsalZPSVl0UG5ISFBTaHBtSHVHSGc5QWVKMmloSjVFWXdTRlJpNXkzb1NzQkhpbjlwRmcyTnZ2cks2TTBZTGtLQTh3bWhtUDRtQi1PdUdhMjR5S00yZVNFYkQwQUZjM2JVek5kTlhaeXhORzFvRU1XNkJXcjJGQ3Fac0p2X1FvSGFuQ1FsWEdzbUVxR3FPMXpnMV9fT1llZTB5cHlhZ1ZKeEhr?hl=en-US&gl=US&ceid=US%3Aen
The black hole effect. Why the release of GTA VI will turn autumn 2026 into a graveyard for good games,,,./read/CBMiqgFBVV95cUxNVXFXQ1dBc19xYVhPUWlnejN3a3J0M2F5OTNEbG5YZGM0dUxsSnlLcElJdVRGSFFiWDB3dUd3WEE1N3hYcmc5eERhTV9xajdWcGpYMTU3aFhYbU93bjZYcW44UUxZSEZGcjh1TjE0dHNHNWZGU0cxcDNVNklWV1RiZTdzZV9tTXdvZmRUNHFneUVSTUZOQ0p1ZmdmZEgtMmdXWWpreDJaUDI2d9IBrwFBVV95cUxPd1VMSUFZeUxlYm9UYTJXZlJySDJSNDlDZng3dkp1TUpnUXdVbUtxZXhTLTR1SGFHcWVjS3pyYl9VMW5SRmlFU1lPR0RsaE1yYzJhSTI0OEs1QXAzSVFvbjNxRVpHYTdyMGJUckNDelRia1AwRTR6RXRBWUFzZ0lxM0d2MExqVUVid2VGNnJyb0FPZFNIQ1NGa3c3RjNxb2dkcktJWl9CNHlBaGVfNWxj?hl=en-US&gl=US&ceid=US%3Aen
China's CXMT to supply memory chip for Xiaomi's upcoming folding phone,,,./read/CBMitwFBVV95cUxOSTdabFZxanFDSFVqRTE0OTBMQWdQNnRCOUN4aGFZdGt1dTdlbzNUYnNuVGg3X1pSVGh5OTJXT0Z6cVVXb19pX0dRbDFGamV0LVhvYzVzeEJTQldmMlltY2dEdlQ5dUpuM1QwQ2ZkanRTVWlqNU9XRWtXR01TNTdudUloQ29JZmF5cnVTWk9SaF9hRDV0VURpMEYzaFVDYlJXYmFXUmNwcEMzczBBQzhiS3djMks4bGM?hl=en-US&gl=US&ceid=US%3Aen
Xiaomi goes deeper into EV tech with new 3nm intelligent-driving chip,,,./read/CBMihgFBVV95cUxNTHcyYk14VnBkV0lhVV9xT1hJSjlaWWQ0a2ZDOW84aUFzY3l2dGRGYzRUT0dFbDZqVWlINnpoUmk5N2dFV292dGVBV1ZrTnlYNFd6WTRwZXFGam9KNDFkUGVsM3UzRVZhUDlPWm1QLU9OUGdCZW1oZG1zTUNaLWhDS1FxbVpfdw?hl=en-US&gl=US&ceid=US%3Aen
"The Xiaomi 18 Fold leaks, ahead of the iPhone Ultra launch",,,./read/CBMikwFBVV95cUxQc1NWX3hmMmdpSXZlZlBiT2IwTkNsZzNaeGN6SnpfZlpFbFEtaGhaR1BVbEdUSVloZ21CckViNWMtZGpHNnZrakNzUVBRSWVPTzhFeG9wZTN1ZDdVd3NPSHp5VlpkblpmWVlPWmptQWNRQmdRLXM1WmNsWGo4RE9BWGRSUUQ3QW5xMGZLd294YUNyeXM?hl=en-US&gl=US&ceid=US%3Aen
Xiaomi 18 Fold is officially coming in September with the monstrous Xring O3 chipset - GSMArena.com news,,,./read/CBMiwgFBVV95cUxOcDVSZGhQTDdYYlEtT0dfS2JKcmR4WkNsMFNhRzRZLUF0UGRVTEdQb1ZtTEhHRnBDdjRBQnl5N2dteko0VVpTcEVHN1p2NlZqTmtIV183SjhqQW5PWFM3cEIzMURpR1dHMTlzVkdzaGphTVhfY3EtY1B0RFRHZEpfY0FzNjR3V2wtVWxEaVNFQkdWSVJ0Z0NycGlsRHAxV0NpYUh6NU14QThXcTdHUG51NWprYUpGZUtZdzVsMmJCNnE4QdIBvgFBVV95cUxPblJFTFJVRUNxTjFvQlUySDlLSHdNdzlYenM2RDJEQnJobTNJTWdaaGlhMThZNjExU0pQUHNKLXdndE1kX3ItUzVBT2pGcGZMOUtiLWZreTdKRkVHNjI1SEU4emE1eWJwdTU1eUtVNGU4MTZCaDRPVDRQSG1IOGZFOUNzUEM1MXlSaDVicld0aW90NW1zS0ZwUnJBamxCS1cwSENKdTRkNTZQM1FGRlYyaEJTa2VYS25nZ0tBNVV3?hl=en-US&gl=US&ceid=US%3Aen
Nintendo Switch microSD card deals chevron_right,,,./stories/CAAqNggKIjBDQklTSGpvSmMzUnZjbmt0TXpZd1NoRUtEd2l4X0tIeEVSRzBlOUR6b0pROTRpZ0FQAQ?hl=en-US&gl=US&ceid=US%3Aen
SanDisk reveals 1TB microSD Express card for Switch 2,,,./read/CBMimwFBVV95cUxNbHptRk9EUEgzTjFkMl9TTDl4UVFKZVVBNTlkeHhiNHpXaFlsX3NEY1NET1o5U21zREV1WElRZGJIcEY4NWRmSl9rTG9hc1dUWjNrZnl4UjJuOF9idG9kZzUwcldrdVNwVFdpcVZwMV9heUpDQTQzbGlLd3cwemVlejJCU0FqSmw0ZlUySU80ZFcycjRXeVExVGQwQQ?hl=en-US&gl=US&ceid=US%3Aen
ICYMI: SanDisk Is Now Selling A 1TB MicroSD Express Card For Switch 2,,,./read/CBMirwFBVV95cUxPclU0WmlJUktQTEtjMzUyVTI2aWttWTk2UklUSy14ZmxhX1hlMDBwc1pwdWJvd1NyNF9sMFdxYmpkSUtoeDNKV0FwU3ZvMFZQV1BJTUx4UUpyMzExUlZFcWlfbzNIbTFrNHhDdTg3VEtUMkV6cm51NVRyTUo2M1JQSFhWYjNuN3VVbEtHLUVVVm41cE9rUXdhVFoxd3JFcGNsU3FmWWNreTFQb3BSRXpn?hl=en-US&gl=US&ceid=US%3Aen
Boost Your Nintendo Switch’s Memory With This 1TB SanDisk MicroSD Card at 46% Off,,,./read/CBMickFVX3lxTFA0NHQ1Z0hrWmU0aVo2emc3eU1vV1lPWTlDX2VSeXZBZElVWUd4MWp2NXk2akJsTDAwdTktV2toNXJSUEhQemxjSkNXX1VYVTVGRjJYbEVZM1hFX1RvOWtpM2YxQlhNLXh0VmRaV0Y3M0UxZw?hl=en-US&gl=US&ceid=US%3Aen
Crypto-Stealing malware in Firefox extensions chevron_right,,,./stories/CAAqNggKIjBDQklTSGpvSmMzUnZjbmt0TXpZd1NoRUtEd2ljLWRYckVSRkVmdE5fZU1VTWdDZ0FQAQ?hl=en-US&gl=US&ceid=US%3Aen
19 Chrome and Edge Extensions Found With Wallet-Stealing and Crypto-Draining Code,,,./read/CBMif0FVX3lxTE1OQTlIaHA0TzQwUEVmME9iQTl5NWw5UHRtM1dhOTdOdWloWG01aXIydmNVXzZIOGdpV20yMkk3TGtiWFA0YTJ1Ym5xLXVrSmxraHIzcVNfenlVek0zYlE4OEYwUjV0ZjBTcEVkMkowMnk0b29OMXhnUGRhcUpTUzQ?hl=en-US&gl=US&ceid=US%3Aen
Malicious Firefox add-ons caught stealing cryptowallet seed phrases and browser credentials,,,./read/CBMizwFBVV95cUxQM2F3SWczaVdLakhoU2drOUZMRG5ZelRweGVkRG0xRThzemJGVHY1OGprRTFkcG4yT2ZNX2VzbVVHMUlhNW5iQy1nWUpDamhhMzY3LXRUdlFyWmVkZklCcEFOTTI4RjZOVFVTV3drZEM2YkQ0LWhRd3BremgxVFZFOFBPRmNlRThYbzNvZ21OS2QxbjRNTTdVbUh2dnpzT2h2M1JmOHVNenNFeER2NlZrZWhuc2pmQU1PTUZSWDVsV2Q4eUQ0aFlBTEFqc2tYZ00?hl=en-US&gl=US&ceid=US%3Aen
Chrome Extension Malware Campaign Hits 19 Browser Add Ons,,,./read/CBMiqwFBVV95cUxQUlN4ZUJ3Y0g1QWxfX0xYZUlLSG82SDZpQlFkcnBmM3VHN3ZwT1g2QWw3dDgwWlp6Tkl6cTI5a3MzRVVIRF92aUxFeU1WM1dxWllmS0NHSTEwbFA3T05SdWVTblg1VVBWd1UwVWpxV3h2NWI3amV0alNRelU2NzlxQjhZX0Z1UEdTM3lQS2hPV0g2dlU0ckp3cWZ0bUhNNjhaOHMwYi12TUs1b2c?hl=en-US&gl=US&ceid=US%3Aen
40 Fake Firefox Crypto Wallet Extensions Exposed Stealing Users’ Secrets and Credentials,,,./read/CBMilAFBVV95cUxOdV9zTUJ0ckVyLTRub2JyMF9MUi1TNHRJbTBVcE45U09EWUQ1WlpDY3NvVWt2SVBHem9Xc3ZXems0U2gxRExpekJVSFJLNXVpc1hyeDBMNlhTdmZEMGZHT2Joa2k2S2lqUFB6dWIwMFVEQjhoXzFGMm9mYkpyaWZ3Slh5bi01ckNxeVo3M29VZFpGTjJW?hl=en-US&gl=US&ceid=US%3Aen
iOS 27 features chevron_right,,,./stories/CAAqNggKIjBDQklTSGpvSmMzUnZjbmt0TXpZd1NoRUtEd2k5ek9IdkVSRXdVbzZaN2NpN2tpZ0FQAQ?hl=en-US&gl=US&ceid=US%3Aen
10 Cool New Features Coming Soon to Your iPhone,,,./read/CBMickFVX3lxTE0xdHFiN2ZYbWpFTG1wald1RW5ObmZaOEdVRGNoM3FKTExWRjZ6ZEVReUc4ejd1ZC13TXZYamY1TzZwblBKM1JpYW1XQjRlbktDc3p3S1V1dVRhOExQeXZXdzNvZWxZcWxlbElsYXRiZGIwUQ?hl=en-US&gl=US&ceid=US%3Aen
Apple's iOS 27 and Siri AI are coming soon: Everything we know so far,,,./read/CBMickFVX3lxTE1HekZ4aHFMZDByUm9HNG9WbW9ZbHZZZG55NUllTGt4LUtGWXhLbXdvc05EWk1nU0FHQW1RanQ5d3l6akdQZnVRTWpPRV9PWmhSZ3dyUEw3dUlWaFVQSDNPS0VYVG9pTnVhYzVIbi05LXBqdw?hl=en-US&gl=US&ceid=US%3Aen
Apple Releases macOS Golden Gate Beta 7,,,./read/CBMigwFBVV95cUxNbWVMVm8wa2lMc04wOGZfdl9PUHBuQjR2bXNCWkwtWU9za216cElvdFRUMTBTNXVZZTF1cm90X0FmYWdCdE16MmJZODVNdDVGc014QU5fX1RMbGl6TDF2b2dUTEhyb1VmT3ZHU0h3SHdDVHBwaDR1cVBfd3FHUGhtcTNPZw?hl=en-US&gl=US&ceid=US%3Aen
iOS 27 fixes three of the most annoying Messages bugs,,,./read/CBMijgFBVV95cUxQbnZFN3lQQlNvYUVRMkw3bHJoRmw5ZGdkT2M0WHhSNHpudkNTT0VQbVdoMVNSbmdVXy1pdEFHTlo1ellGNmY0M3RyV0FUT3Q5dG5qZVdxbGNMYUVJWG5Mczh1enJyd0JCTTh4cEwzN1BJU3hETVp0d2FqM3ppWGdJLUhjNDlBc0xVZnAwdFVn?hl=en-US&gl=US&ceid=US%3Aen
New Xbox games for August chevron_right,,,./stories/CAAqNggKIjBDQklTSGpvSmMzUnZjbmt0TXpZd1NoRUtEd2pMenU3dUVSR1R6Ump5SFlCbFV5Z0FQAQ?hl=en-US&gl=US&ceid=US%3Aen
Next Week on XBOX: New Games for August 31 to September 4,,,./read/CBMinAFBVV95cUxOclgxSzBwX1p2cmJzdk1LdjVFTEQ1S2YtcTJVVU80V3hhQWRkazJ2YUFjOEJ3MXFEMU1FaU9TblpUNWVhQVgwbmZ3eUlmRnBzd3VBa3JOYXNVWFJrcFFYOF84c1Joc05paWtVLXZQenlCUWVTaThFSlplZmtFRHFSQmlsUnFWaGMtX1JkTmxPQVZ1czE3bkRYNXIxNHXSAaIBQVVfeXFMTWtkZ3U2VTdkYm5iZ25TOHR5anY3REc5NldudmdsRHZVRnd5dW03UEE2WDk3a1U3dmpaeW1FNEgtOC1IaF9sM0NqWEJzRVJ5QlUzQUtKSmptdk4yUXBmUk1YQ191aVZzTnNlVC1LdUx6dE5aTGpNb1ZKa3hBdk01bXF5Q1RXX3BrbGlUMTdfeVlFaC1KU1preVBsUUpxZDBFalZ3?hl=en-US&gl=US&ceid=US%3Aen
"15 New Xbox Games Are Releasing Today, Plus A Day One Game Pass Launch",,,./read/CBMipgFBVV95cUxOeWNMc3gtZVUzNmdPekN3ejhBNXZpbmh3YzJYM29vdFhJcFJaMkRuSC1CWnRNZGNJbFkzVTJsMWtoNnF3Q0d4cFNMOGZYVFktVWl4dlN3Uno3clJiRndSdVBQTHZxNEVKeHdxNDBXLUR2Mlhyclp1MmdkVlA1d09pSWJFSmN4cVNhN3JhWW9LekVaaU9FbVJFUnpZUldjMGhBUThzX21B?hl=en-US&gl=US&ceid=US%3Aen
Microsoft Names 28 Games Coming to Xbox This Week,,,./read/CBMiuAFBVV95cUxQMEpPMlJ6TnRiR2l3Z29kamZjSTRTcGZlVDJHMGttSTFuUGt1eXo4U3Z5NGRrRndGdExTRHFET3FkX0hwLVZhTTB4cm9lVnczbFQ1UXpUbEtfcWlkeV9mdXoyRXZVX3VHQ1I0UGlrd2QtTm5NU01OVFpqdUFEZUZ6cGZwbjBrZTJxeUVlMW5qeHVkQlBDYksySG9pcHVmNnVEYTRMZWVDVU1PWVF1RW9BbXk2OVZHMEdo0gG-AUFVX3lxTFBIdmpYdk4zUU5wWnp1cVRQRjV5VzRiSERMSVVWS1E3WWRKdm13RkducTJGUEIxY0d0SHJBLThWaVF0V2VUX2I3ckpvQmdzX21mejVmVVllZU1YOXUzTlBPaDJZT2VMbEpsQnRhaDNGeHQzSTJIcWRSUkFuR1lOMnVVMl9WUngxV0JqdV9JMDFzTlNrU0pxTHQwTFFSRG9rNGk5NnBiY1QwWEFaMnFGbXZib0gxbGNJb2JCLVk1N3c?hl=en-US&gl=US&ceid=US%3Aen
Why do people get so weird about Grand Theft Auto?,,,./read/CBMiZEFVX3lxTE91MTZlQW1nOXBfZUc4WDRjVm1FM2xhZXhnNzkzRk83dkl2X2RRTDc4YmF1WlZ4eEd5UlNTTktWQ0dUZFd6STgzWDBHVWY2Tmp1ejF2Z1NhczM2dEJwakl0YTlndDA?hl=en-US&gl=US&ceid=US%3Aen
The Coalition reveals Gears of War: E-Day details chevron_right,,,./stories/CAAqNggKIjBDQklTSGpvSmMzUnZjbmt0TXpZd1NoRUtEd2lWdklUdUVSSGRYam9ZdXJwWFJDZ0FQAQ?hl=en-US&gl=US&ceid=US%3Aen
Gears Of War: E-Day Has A Battle Royale-Inspired PvP Mode Where You Can Strip The Flesh Off Enemies,,,./read/CBMizgFBVV95cUxQQXBkcVdZVFM2VXV6R2k3aXVZdVRYb3U4b0tBaUd5NDMtMXR2Mm9FRHUycENTNHpBWjlqLUg1azIyN2xMVXc3NGw4NERVQWJNWHZvUF9YQkdmekZDOUpQNFhOTnlwOEFqUWxFaGwxSk9GdmcxWGRBYURFVFl6VGtFd0xWTm9wLVU2ak1yVUg2NVpxYmFtb3B0Y2Q1dmRDUWZOMTNKNkgyaU14QnZ0MnV4SG45UURXb0lXakhOeHdqMFBYVVhhS1ZNTUZMekxBQQ?hl=en-US&gl=US&ceid=US%3Aen
"Gears of War: E-Day Campaign Hands On – Brutal, Brilliant, and Quintessentially Gears",,,./read/CBMikwFBVV95cUxNQlVVTWQtZjFjM05ONWJmZHE2Ny1Td1Nhdm9wVHZNcUFIU2NGQjhUbjdCenl4cmVmM09SNUthd09YWkZVUk5hQzAxNkVMVGNBQm1ia0hhdVlWWEZvQUxvVnhHaWlaVWxENF9VbU9Kb1dDYWRaODN5eS1BNFdDSTZDZWJBaFdHaEVnZEt0c2hPcDdXSTjSAZgBQVVfeXFMTXdEZUprQ0FYdEtLRUp0OE1NSTFCYWxEdnBXeGF3Ui1BT0lwNEhtcnBjWUNkaGVFTXhyVl91QUtfSWx2WTlLWWotaERQcjdLZ29OX28zSWRhblFacWxadVFfU3FqUDdPdmdBRVl6S3hTZFlCX0RZLWQzOTFrQklNNHJDT1VhLWo1c0VWdzFCRTh5YVNQWHNiTlo?hl=en-US&gl=US&ceid=US%3Aen
Gears of War: E-Day launches with RTX Mega Geometry for GeForce RTX gamers,,,./read/CBMivwFBVV95cUxQU2FZTUhYbVVXNXV0WG5rbndpM0daXzg5dlNMWVRUVmljU0tzbEhlMWt3X3IxR3h5elJHanlWMGtueVhuSURQbTNqcUI4TXY1d1hiMEpzWDF2c3ZLZ2Z4WkxSMDhNemUzWm56bEdsWmdpMjlpcFZ3VUxfM3RXdWlZSXdkV3U1NnZhaWV4R05TaE41WVFNbEtZd3Q3SmQ1WHVlbE5yOEFMaVZLTDdkYmZhYzVZckd1YmpySlJPTkFDYw?hl=en-US&gl=US&ceid=US%3Aen
Latest Gears Of War: E-Day Trailer Offers A Profane Look At The Prequel Story,,,./read/CBMivAFBVV95cUxNaW5ZWmJWWmVTYnRWVXh6SmFhOUpMbEMxMVRXb3N4UzRreGNrVndzUXVLeDA2ajJzaHRzNXJNalJzdWNqR0hINXFyYWFFZDVXZXNBSnV5dEQyVTVrQ0VjQ0pWY3ZWbmdCUXoycHFWbndudmpMTjdUdFVVUEZWNTZ3dmtpT0NwVkd4WU1oMGd6U2FEODVlZXgybEpUaHJLbWJXTXBrV2RXTVFIUThjMXpZcGx6UmtwcUZiSkx4VQ?hl=en-US&gl=US&ceid=US%3Aen
Maverick Games wants to “try and win Game of the Year” with Clutch,,,./read/CBMijAFBVV95cUxQdG9fcDdMaDNYak10MzBVbUxWSnJvMkN5a2ZNY1loY0ViNG8wQ1pWQlV4Nnc1b1hpZjJQZ05IeWFOTXpkM3M0LVpXenNkTHpiQkpKcHVHUmpNc0pXbGV4cWdBUGpQLUlCN1JJZmhYczN1TWxvZFdFM05NTW9US1BqeVdtMm9OalFRZ1YzaQ?hl=en-US&gl=US&ceid=US%3Aen
Focus Entertainment partners with Maverick Games to publish CLUTCH,,,./read/CBMipAFBVV95cUxNLU5OLUgtMWZYVWFlYW5LSGxra1lXblBNOVV2SXdTMms4dkswMlQxMVpvY1ItbWdrdG15THB0OXJfNlUyaTFRSGI2dzFPd2wwMkNpeFZuY01LZXR6QkZRdHZaNEFpNXNGT1Bub2U4M0ZjU1dWLUJlcktkM2lFNnhDdHZVUjBwME51eGx0YzdSM1UtR0xFMlcxX09QTmFrWHM4RU1tZA?hl=en-US&gl=US&ceid=US%3Aen
The Future Games Show Will Feature A Developer Diary With Maverick Games For New Open-world Act,,,./read/CBMimAFBVV95cUxOWXJTVHJ2UlJmM040N1lIeVBfd2xVOXczYVppM3k5NEpOa21TUklIaWtmN3VtNFUtR1RzTGZYVXk1ejVmajYwTG5aUHUtSUtMSENFLXcwU1o5czY5MF9UejBkRndLUlBSbThpS3ZYUU42YzlrSXh6elgxSURGa0t4dXRlNGI1dFNPZG1UUlE1eVdwOC1IcjRJSg?hl=en-US&gl=US&ceid=US%3Aen
CLUTCH Recreates Every Road in Monaco as Maverick Details Its Realistic Handling,,,./read/CBMiZ0FVX3lxTE1yQXRncDlpMGM1Z2RmX3lCUjgwanFmaVdSaUtPTmQ2M0FCdEo2OVhEX1RROW92U1NmR0xIZ0lubEhQUXB2dllHVHQyQmNleTE1UkkycGRyZDg3N1p2b2lUcnMxQ19DbXc?hl=en-US&gl=US&ceid=US%3Aen
"VHOLUME And CICADAMATA"" Make A Meal Of Movement",,,./read/CBMiekFVX3lxTE1vUnVNNEE4VHdXVmdqMzU3bW0tc01mY3pfYW9DaFhBREVla1ZHaUNQcnVGU0hrMG15UjBFbENtTmpDNEx0LVpsRUJqelZseXp6SURackJrNmRJVVVJZ0xRa1VxUzhOemhWZmxEY3B0Qm9wempqZ1JNM0R3?hl=en-US&gl=US&ceid=US%3Aen
Vholume review – a headlong rush of parkour perfection in a brutalist wonderland,,,./read/CBMid0FVX3lxTFBHVFd1U0dfZFM2bkpSUjd2T0tyY2NlNkgtWmlCOTYwUVFtdW5QSE94T1hEZzJQaV9id1JTeERxQkNDTklvdHp5ZmhmeWtYN29uY0dGek1uMmpEV2dPRVFIUE5WeGtVSUlFUTVUa0xVRGV3SElwRGk4?hl=en-US&gl=US&ceid=US%3Aen
"Melancholic parkour adventure about a bureaucratic mission released on Steam, receiving overwhelmingly positive reviews",,,./read/CBMi7wFBVV95cUxNRTBiZUpUZ29BQXZZc2JxaDVHWEpYbEZDLVFIQlN0NEdaOXNtellhSnN3dUp2MGdtMnZ5RDZBVWdvb2tpUzhBSU1LYTBlaU5MRTNfVXdZdjBSVjJfUlRVYmJ0Rm1kWW42UzlBTTBzU0kzajhaNWd0dE9SZUVLLUxBVThXWlg5cjd0TWdzZF9UdnBfM0I3aHlKR2RxRGdadllUcHBSdDF1bElPS0JqQ2V0UFh0eGotT2FMeTEzOVlUdmhkakNDbHpyRVZuTnVNa2I0VVpoVFNfNlRTaFhCZ0NQYkJtNjl4OGpCekV3M3A5QdIB9AFBVV95cUxORXdtSTB6cUJFcGZVMU5FWVh4LUJLN1Qya19zMmFBTzVHR0FIUkZKZWRyclhfLVVCbm5Gb1FaczVCdVQzNnlFM08xRkhmMGN1dEMtaHFYVkExV0hKS1BsYk8tLUFISXRzaUktcjA3U1RhX1phSUFCaUhQZnRVYzVUM3dBNnV2bkRRMGFnZFpxVC0wZEg3LW41Wm1ZYk1rYnVIUzJMdG9oLV9wQThiMEEyeDdFN0tEUjJQZ0RRZ1BBLWJ6VVRJVGUxUTdzcm0xSFpUZzlBcm1LclI5OGdvUTZYcktCekR1V19NbDZSTGpfdXVYUmRI?hl=en-US&gl=US&ceid=US%3Aen
"[Hidden Gems] A Mirror's Edge style, Very Positive parkour platformer 'Volgarr'",,,./read/CBMiXEFVX3lxTE5GaWhmc2c5NVVxcFpfbTBHU3F0UF9WbW1Zdy02Mld6dlY0WFFfUU5xWW1hVkxSSUs1aWcwNGFuRm5BSWpKTXNHMzYtT21TTjh6Y2dPMkExMjgzWGNj?hl=en-US&gl=US&ceid=US%3Aen
'My car could appear in Grand Theft Auto VI',,,./read/CBMiWkFVX3lxTE1jNnJYa2RnVm1jN3lrV2dWQy1LdFgwQWJnNXk4ODRnenY4aldkUkp1SGFsWjN4NXI5emdNUmZRTUswZFRNZ3ZNZVoteXVCVUkxQW40NFVWQkhtQQ?hl=en-US&gl=US&ceid=US%3Aen
